Category,Permission Description,Admin/Exec. team,Leadership,PM – General,PM – Data,PM – DevOps,PM – Creative,PM – CRO,PM – Media Buying,Account Strategist,Account Manager,Data Analyst,DevOps / Automations Specialist,Creative,Copywriter,Media Buyer,SEO,Call Center Manager,Call Center Team,Exec. Assistant
Clients,View client list,TRUE,TRUE,TRUE,TRUE,TRUE,TRUE,TRUE,TRUE,TRUE,TRUE,TRUE,TRUE,FALSE,FALSE,TRUE,TRUE,TRUE,TRUE,TRUE
Clients,View client details,TRUE,TRUE,TRUE,TRUE,TRUE,TRUE,TRUE,TRUE,TRUE,TRUE,TRUE,TRUE,FALSE,FALSE,TRUE,TRUE,TRUE,TRUE,TRUE
Clients,View & manage clients,TRUE,TRUE,TRUE,FALSE,FALSE,FALSE,TRUE,FALSE,TRUE,TRUE,FALSE,FALSE,FALSE,FALSE,FALSE,FALSE,TRUE,FALSE,TRUE
Clients,Delete clients,TRUE,FALSE,FALSE,FALSE,FALSE,FALSE,FALSE,FALSE,FALSE,FALSE,FALSE,FALSE,FALSE,FALSE,FALSE,FALSE,FALSE,FALSE,FALSE
Clients,View client contacts,TRUE,TRUE,TRUE,TRUE,TRUE,TRUE,TRUE,TRUE,TRUE,TRUE,TRUE,TRUE,TRUE,FALSE,FALSE,TRUE,TRUE,TRUE,TRUE
Clients,View & manage client contacts,TRUE,TRUE,TRUE,TRUE,TRUE,TRUE,TRUE,TRUE,TRUE,TRUE,TRUE,TRUE,TRUE,FALSE,FALSE,TRUE,TRUE,FALSE,TRUE
Clients,View team assignments,TRUE,TRUE,TRUE,TRUE,TRUE,TRUE,TRUE,TRUE,TRUE,TRUE,TRUE,TRUE,TRUE,FALSE,FALSE,FALSE,TRUE,FALSE,TRUE
Clients,View & manage team assignments,TRUE,TRUE,TRUE,TRUE,FALSE,FALSE,TRUE,FALSE,TRUE,TRUE,FALSE,FALSE,FALSE,FALSE,FALSE,FALSE,TRUE,FALSE,TRUE
Clients,View client briefs,TRUE,TRUE,TRUE,TRUE,TRUE,TRUE,TRUE,TRUE,TRUE,TRUE,FALSE,FALSE,FALSE,FALSE,FALSE,TRUE,TRUE,TRUE,TRUE
Clients,View & manage client briefs,TRUE,TRUE,TRUE,FALSE,FALSE,FALSE,TRUE,FALSE,TRUE,TRUE,FALSE,FALSE,FALSE,FALSE,FALSE,FALSE,FALSE,FALSE,TRUE
Clients,View client products,TRUE,TRUE,TRUE,TRUE,TRUE,TRUE,TRUE,TRUE,TRUE,TRUE,FALSE,FALSE,FALSE,FALSE,FALSE,FALSE,TRUE,FALSE,TRUE
Clients,View & manage client products,TRUE,TRUE,TRUE,FALSE,FALSE,FALSE,TRUE,FALSE,TRUE,TRUE,FALSE,FALSE,FALSE,FALSE,FALSE,FALSE,FALSE,FALSE,TRUE
Clients,View billing information,TRUE,TRUE,FALSE,FALSE,FALSE,FALSE,FALSE,FALSE,FALSE,FALSE,FALSE,FALSE,FALSE,FALSE,FALSE,FALSE,FALSE,FALSE,FALSE
Clients,View & manage billing information,TRUE,FALSE,FALSE,FALSE,FALSE,FALSE,FALSE,FALSE,FALSE,FALSE,FALSE,FALSE,FALSE,FALSE,FALSE,FALSE,FALSE,FALSE,FALSE
Clients,Export client data,TRUE,TRUE,TRUE,TRUE,TRUE,TRUE,TRUE,TRUE,TRUE,TRUE,TRUE,TRUE,FALSE,FALSE,FALSE,FALSE,FALSE,FALSE,TRUE
Marketing,View email templates,TRUE,TRUE,TRUE,FALSE,FALSE,TRUE,TRUE,TRUE,TRUE,TRUE,FALSE,FALSE,TRUE,TRUE,TRUE,TRUE,TRUE,TRUE,TRUE
Marketing,View & manage email templates,TRUE,TRUE,TRUE,FALSE,FALSE,TRUE,TRUE,TRUE,TRUE,TRUE,FALSE,FALSE,TRUE,TRUE,TRUE,FALSE,TRUE,FALSE,TRUE
Marketing,View SMS templates,TRUE,TRUE,TRUE,FALSE,FALSE,TRUE,TRUE,TRUE,TRUE,TRUE,FALSE,FALSE,TRUE,TRUE,TRUE,FALSE,TRUE,TRUE,TRUE
Marketing,View & manage SMS templates,TRUE,TRUE,TRUE,FALSE,FALSE,TRUE,TRUE,TRUE,TRUE,TRUE,FALSE,FALSE,TRUE,TRUE,FALSE,FALSE,TRUE,FALSE,TRUE
Marketing,Send emails,TRUE,TRUE,TRUE,FALSE,FALSE,TRUE,TRUE,TRUE,TRUE,TRUE,FALSE,FALSE,TRUE,TRUE,TRUE,FALSE,TRUE,TRUE,TRUE
Marketing,Send SMS messages,TRUE,TRUE,TRUE,FALSE,FALSE,TRUE,TRUE,TRUE,TRUE,TRUE,FALSE,FALSE,TRUE,TRUE,FALSE,FALSE,TRUE,TRUE,TRUE
Marketing,View scheduled emails,TRUE,TRUE,TRUE,FALSE,FALSE,TRUE,TRUE,TRUE,TRUE,TRUE,FALSE,FALSE,TRUE,TRUE,TRUE,FALSE,TRUE,TRUE,TRUE
Marketing,View & manage scheduled emails,TRUE,TRUE,TRUE,FALSE,FALSE,TRUE,TRUE,TRUE,TRUE,TRUE,FALSE,FALSE,TRUE,TRUE,FALSE,FALSE,TRUE,FALSE,TRUE
Marketing,View forms,TRUE,TRUE,TRUE,TRUE,TRUE,TRUE,TRUE,TRUE,TRUE,TRUE,TRUE,TRUE,TRUE,TRUE,TRUE,TRUE,TRUE,TRUE,TRUE
Marketing,View & manage forms,TRUE,TRUE,TRUE,TRUE,TRUE,TRUE,TRUE,TRUE,TRUE,TRUE,TRUE,TRUE,TRUE,TRUE,FALSE,TRUE,TRUE,TRUE,TRUE
Marketing,View form submissions,TRUE,TRUE,TRUE,TRUE,TRUE,TRUE,TRUE,TRUE,TRUE,TRUE,TRUE,TRUE,TRUE,TRUE,TRUE,TRUE,TRUE,TRUE,TRUE
Sales,View sales pipeline,TRUE,TRUE,TRUE,FALSE,FALSE,FALSE,TRUE,TRUE,TRUE,TRUE,FALSE,FALSE,FALSE,FALSE,TRUE,TRUE,TRUE,FALSE,TRUE
Sales,View & manage pipeline,TRUE,TRUE,TRUE,FALSE,FALSE,FALSE,TRUE,FALSE,TRUE,TRUE,FALSE,FALSE,FALSE,FALSE,TRUE,FALSE,FALSE,FALSE,TRUE
Sales,View deals,TRUE,TRUE,TRUE,FALSE,FALSE,FALSE,TRUE,TRUE,TRUE,TRUE,FALSE,FALSE,FALSE,FALSE,TRUE,TRUE,FALSE,FALSE,TRUE
Sales,View & manage deals,TRUE,TRUE,TRUE,FALSE,FALSE,FALSE,TRUE,FALSE,TRUE,TRUE,FALSE,FALSE,FALSE,FALSE,FALSE,FALSE,FALSE,FALSE,TRUE
Sales,Close deals,TRUE,TRUE,FALSE,FALSE,FALSE,FALSE,FALSE,FALSE,TRUE,TRUE,FALSE,FALSE,FALSE,FALSE,FALSE,FALSE,FALSE,FALSE,TRUE
Sales,Delete deals,TRUE,FALSE,FALSE,FALSE,FALSE,FALSE,FALSE,FALSE,FALSE,FALSE,FALSE,FALSE,FALSE,FALSE,FALSE,FALSE,FALSE,FALSE,FALSE
Sales,View quotes,TRUE,TRUE,TRUE,FALSE,FALSE,FALSE,TRUE,TRUE,TRUE,TRUE,FALSE,FALSE,FALSE,FALSE,TRUE,TRUE,FALSE,FALSE,TRUE
Sales,View & manage quotes,TRUE,TRUE,TRUE,FALSE,FALSE,FALSE,TRUE,FALSE,TRUE,TRUE,FALSE,FALSE,FALSE,FALSE,FALSE,FALSE,FALSE,FALSE,TRUE
Sales,Approve quotes,TRUE,TRUE,FALSE,FALSE,FALSE,FALSE,FALSE,FALSE,TRUE,TRUE,FALSE,FALSE,FALSE,FALSE,FALSE,FALSE,FALSE,FALSE,TRUE
Sales,View sales reports,TRUE,TRUE,TRUE,FALSE,FALSE,FALSE,TRUE,TRUE,TRUE,TRUE,TRUE,FALSE,FALSE,FALSE,TRUE,TRUE,FALSE,FALSE,TRUE
Sales,Export sales data,TRUE,TRUE,TRUE,FALSE,FALSE,FALSE,TRUE,FALSE,TRUE,TRUE,TRUE,FALSE,FALSE,FALSE,FALSE,FALSE,FALSE,FALSE,TRUE
Tasks,View own tasks,TRUE,TRUE,TRUE,TRUE,TRUE,TRUE,TRUE,TRUE,TRUE,TRUE,TRUE,TRUE,TRUE,TRUE,TRUE,TRUE,TRUE,TRUE,TRUE
Tasks,View team tasks,TRUE,TRUE,TRUE,TRUE,TRUE,TRUE,TRUE,TRUE,TRUE,TRUE,TRUE,TRUE,TRUE,FALSE,FALSE,TRUE,TRUE,TRUE,TRUE
Tasks,View all tasks,TRUE,TRUE,FALSE,FALSE,FALSE,FALSE,FALSE,FALSE,FALSE,FALSE,FALSE,FALSE,FALSE,FALSE,FALSE,FALSE,FALSE,FALSE,TRUE
Tasks,View & manage own tasks,TRUE,TRUE,TRUE,TRUE,TRUE,TRUE,TRUE,TRUE,TRUE,TRUE,TRUE,TRUE,TRUE,TRUE,TRUE,TRUE,TRUE,TRUE,TRUE
Tasks,View & manage all tasks,TRUE,TRUE,FALSE,FALSE,FALSE,FALSE,FALSE,FALSE,TRUE,TRUE,FALSE,TRUE,FALSE,FALSE,FALSE,FALSE,FALSE,FALSE,TRUE
Tasks,Assign tasks to others,TRUE,TRUE,TRUE,FALSE,FALSE,FALSE,TRUE,FALSE,TRUE,TRUE,FALSE,TRUE,FALSE,FALSE,FALSE,FALSE,TRUE,FALSE,TRUE
Tasks,Delete tasks,TRUE,TRUE,FALSE,FALSE,FALSE,FALSE,FALSE,FALSE,FALSE,FALSE,FALSE,FALSE,FALSE,FALSE,FALSE,FALSE,FALSE,FALSE,TRUE
Tasks,View task comments,TRUE,TRUE,TRUE,TRUE,TRUE,TRUE,TRUE,TRUE,TRUE,TRUE,TRUE,TRUE,TRUE,TRUE,TRUE,TRUE,TRUE,TRUE,TRUE
Tasks,View & manage comments,TRUE,TRUE,TRUE,TRUE,TRUE,TRUE,TRUE,TRUE,TRUE,TRUE,TRUE,TRUE,TRUE,TRUE,TRUE,TRUE,TRUE,TRUE,TRUE
Leads,View leads,TRUE,TRUE,TRUE,TRUE,TRUE,TRUE,TRUE,TRUE,TRUE,TRUE,TRUE,TRUE,FALSE,FALSE,TRUE,TRUE,TRUE,TRUE,TRUE
Leads,View & manage leads,TRUE,TRUE,TRUE,FALSE,FALSE,FALSE,TRUE,FALSE,TRUE,TRUE,TRUE,TRUE,FALSE,FALSE,FALSE,FALSE,FALSE,FALSE,TRUE
Leads,Delete leads,TRUE,FALSE,FALSE,FALSE,FALSE,FALSE,FALSE,FALSE,FALSE,FALSE,FALSE,FALSE,FALSE,FALSE,FALSE,FALSE,FALSE,FALSE,FALSE
Leads,Convert leads to clients,TRUE,TRUE,FALSE,FALSE,FALSE,FALSE,TRUE,FALSE,TRUE,TRUE,FALSE,FALSE,FALSE,FALSE,FALSE,FALSE,FALSE,FALSE,TRUE
Leads,View lead sources,TRUE,TRUE,TRUE,TRUE,TRUE,TRUE,TRUE,TRUE,TRUE,TRUE,TRUE,TRUE,FALSE,FALSE,TRUE,TRUE,TRUE,TRUE,TRUE
Leads,View & manage lead sources,TRUE,TRUE,TRUE,FALSE,FALSE,FALSE,TRUE,FALSE,TRUE,TRUE,TRUE,TRUE,FALSE,FALSE,FALSE,FALSE,FALSE,FALSE,TRUE
Leads,Export lead data,TRUE,TRUE,TRUE,TRUE,TRUE,TRUE,TRUE,TRUE,TRUE,TRUE,TRUE,TRUE,FALSE,FALSE,FALSE,FALSE,FALSE,FALSE,TRUE
Workflows,View workflows,TRUE,TRUE,TRUE,TRUE,TRUE,TRUE,TRUE,TRUE,TRUE,TRUE,TRUE,TRUE,FALSE,FALSE,FALSE,FALSE,FALSE,FALSE,TRUE
Workflows,View & manage workflows,TRUE,TRUE,FALSE,FALSE,FALSE,FALSE,FALSE,FALSE,FALSE,FALSE,FALSE,TRUE,FALSE,FALSE,FALSE,FALSE,FALSE,FALSE,TRUE
Workflows,Activate/deactivate workflows,TRUE,TRUE,FALSE,FALSE,FALSE,FALSE,FALSE,FALSE,FALSE,FALSE,FALSE,TRUE,FALSE,FALSE,FALSE,FALSE,FALSE,FALSE,TRUE
Workflows,View execution logs,TRUE,TRUE,FALSE,TRUE,TRUE,FALSE,FALSE,FALSE,FALSE,FALSE,TRUE,TRUE,FALSE,FALSE,FALSE,FALSE,FALSE,FALSE,TRUE
Workflows,View automation triggers,TRUE,TRUE,FALSE,FALSE,FALSE,FALSE,FALSE,FALSE,FALSE,FALSE,FALSE,TRUE,FALSE,FALSE,FALSE,FALSE,FALSE,FALSE,TRUE
Workflows,View & manage triggers,TRUE,TRUE,FALSE,FALSE,FALSE,FALSE,FALSE,FALSE,FALSE,FALSE,FALSE,TRUE,FALSE,FALSE,FALSE,FALSE,FALSE,FALSE,TRUE
Calendars,View own calendar,TRUE,TRUE,TRUE,TRUE,TRUE,TRUE,TRUE,TRUE,TRUE,TRUE,TRUE,TRUE,TRUE,TRUE,TRUE,TRUE,TRUE,TRUE,TRUE
Calendars,View team calendars,TRUE,TRUE,TRUE,TRUE,TRUE,TRUE,TRUE,TRUE,TRUE,TRUE,TRUE,TRUE,TRUE,FALSE,FALSE,TRUE,TRUE,TRUE,TRUE
Calendars,View all calendars,TRUE,TRUE,FALSE,FALSE,FALSE,FALSE,FALSE,FALSE,FALSE,FALSE,FALSE,FALSE,FALSE,FALSE,FALSE,FALSE,FALSE,FALSE,TRUE
Calendars,View & manage own events,TRUE,TRUE,TRUE,TRUE,TRUE,TRUE,TRUE,TRUE,TRUE,TRUE,TRUE,TRUE,TRUE,TRUE,TRUE,TRUE,TRUE,TRUE,TRUE
Calendars,View & manage all events,TRUE,TRUE,FALSE,FALSE,FALSE,FALSE,FALSE,FALSE,TRUE,TRUE,FALSE,TRUE,FALSE,FALSE,FALSE,FALSE,FALSE,FALSE,TRUE
Calendars,View appointments,TRUE,TRUE,TRUE,TRUE,TRUE,TRUE,TRUE,TRUE,TRUE,TRUE,TRUE,TRUE,FALSE,FALSE,TRUE,TRUE,TRUE,TRUE,TRUE
Calendars,View & manage appointments,TRUE,TRUE,TRUE,FALSE,FALSE,FALSE,TRUE,FALSE,TRUE,TRUE,FALSE,FALSE,FALSE,FALSE,FALSE,FALSE,FALSE,FALSE,TRUE
HR,View staff directory,TRUE,TRUE,TRUE,FALSE,FALSE,FALSE,TRUE,FALSE,TRUE,TRUE,FALSE,FALSE,FALSE,FALSE,FALSE,FALSE,FALSE,FALSE,TRUE
HR,View & manage staff,TRUE,TRUE,FALSE,FALSE,FALSE,FALSE,FALSE,FALSE,FALSE,FALSE,FALSE,FALSE,FALSE,FALSE,FALSE,FALSE,FALSE,FALSE,TRUE
HR,View time off requests,TRUE,TRUE,FALSE,FALSE,FALSE,FALSE,FALSE,FALSE,FALSE,FALSE,FALSE,FALSE,FALSE,FALSE,FALSE,FALSE,FALSE,FALSE,TRUE
HR,View & manage time off requests,TRUE,TRUE,FALSE,FALSE,FALSE,FALSE,FALSE,FALSE,FALSE,FALSE,FALSE,FALSE,FALSE,FALSE,FALSE,FALSE,FALSE,FALSE,TRUE
HR,View job applications,TRUE,TRUE,FALSE,FALSE,FALSE,FALSE,FALSE,FALSE,FALSE,FALSE,FALSE,FALSE,FALSE,FALSE,FALSE,FALSE,FALSE,FALSE,TRUE
HR,View & manage job applications,TRUE,TRUE,FALSE,FALSE,FALSE,FALSE,FALSE,FALSE,FALSE,FALSE,FALSE,FALSE,FALSE,FALSE,FALSE,FALSE,FALSE,FALSE,TRUE
HR,View job openings,TRUE,TRUE,FALSE,FALSE,FALSE,FALSE,FALSE,FALSE,FALSE,FALSE,FALSE,FALSE,FALSE,FALSE,FALSE,FALSE,FALSE,FALSE,TRUE
HR,View & manage job openings,TRUE,TRUE,FALSE,FALSE,FALSE,FALSE,FALSE,FALSE,FALSE,FALSE,FALSE,FALSE,FALSE,FALSE,FALSE,FALSE,FALSE,FALSE,TRUE
HR,View expense reports,TRUE,TRUE,FALSE,FALSE,FALSE,FALSE,FALSE,FALSE,FALSE,FALSE,FALSE,FALSE,FALSE,FALSE,FALSE,FALSE,FALSE,FALSE,TRUE
HR,View & manage expense reports,TRUE,TRUE,FALSE,FALSE,FALSE,FALSE,FALSE,FALSE,FALSE,FALSE,FALSE,FALSE,FALSE,FALSE,FALSE,FALSE,FALSE,FALSE,TRUE
Training,View training courses,TRUE,TRUE,TRUE,TRUE,TRUE,TRUE,TRUE,TRUE,TRUE,TRUE,TRUE,TRUE,TRUE,TRUE,TRUE,TRUE,TRUE,TRUE,TRUE
Training,View & manage courses,TRUE,TRUE,FALSE,FALSE,FALSE,FALSE,FALSE,FALSE,FALSE,FALSE,FALSE,FALSE,FALSE,FALSE,FALSE,FALSE,FALSE,FALSE,TRUE
Training,View lessons,TRUE,TRUE,TRUE,TRUE,TRUE,TRUE,TRUE,TRUE,TRUE,TRUE,TRUE,TRUE,TRUE,TRUE,TRUE,TRUE,TRUE,TRUE,TRUE
Training,View & manage lessons,TRUE,TRUE,FALSE,FALSE,FALSE,FALSE,FALSE,FALSE,FALSE,FALSE,FALSE,FALSE,FALSE,FALSE,FALSE,FALSE,FALSE,FALSE,TRUE
Training,View assignments,TRUE,TRUE,TRUE,TRUE,TRUE,TRUE,TRUE,TRUE,TRUE,TRUE,TRUE,TRUE,TRUE,TRUE,TRUE,TRUE,TRUE,TRUE,TRUE
Training,View & manage assignments,TRUE,TRUE,FALSE,FALSE,FALSE,FALSE,FALSE,FALSE,FALSE,FALSE,FALSE,FALSE,FALSE,FALSE,FALSE,FALSE,FALSE,FALSE,TRUE
Training,View training progress,TRUE,TRUE,TRUE,TRUE,TRUE,TRUE,TRUE,TRUE,TRUE,TRUE,TRUE,TRUE,TRUE,TRUE,TRUE,TRUE,TRUE,TRUE,TRUE
Training,View training analytics,TRUE,TRUE,TRUE,FALSE,FALSE,FALSE,TRUE,TRUE,TRUE,TRUE,TRUE,TRUE,FALSE,FALSE,TRUE,TRUE,FALSE,FALSE,TRUE
Resources,View articles,TRUE,TRUE,TRUE,TRUE,TRUE,TRUE,TRUE,TRUE,TRUE,TRUE,TRUE,TRUE,TRUE,TRUE,TRUE,TRUE,TRUE,TRUE,TRUE
Resources,View & manage articles,TRUE,TRUE,FALSE,FALSE,FALSE,FALSE,FALSE,FALSE,FALSE,FALSE,FALSE,FALSE,FALSE,FALSE,FALSE,FALSE,FALSE,FALSE,TRUE
Resources,View categories,TRUE,TRUE,TRUE,TRUE,TRUE,TRUE,TRUE,TRUE,TRUE,TRUE,TRUE,TRUE,TRUE,TRUE,TRUE,TRUE,TRUE,TRUE,TRUE
Resources,View & manage categories,TRUE,TRUE,FALSE,FALSE,FALSE,FALSE,FALSE,FALSE,FALSE,FALSE,FALSE,FALSE,FALSE,FALSE,FALSE,FALSE,FALSE,FALSE,TRUE
Resources,View comments,TRUE,TRUE,TRUE,TRUE,TRUE,TRUE,TRUE,TRUE,TRUE,TRUE,TRUE,TRUE,TRUE,TRUE,TRUE,TRUE,TRUE,TRUE,TRUE
Resources,View & manage comments,TRUE,TRUE,FALSE,FALSE,FALSE,FALSE,FALSE,FALSE,FALSE,FALSE,FALSE,FALSE,FALSE,FALSE,FALSE,FALSE,FALSE,FALSE,TRUE
Reports,View sales reports,TRUE,TRUE,TRUE,FALSE,FALSE,FALSE,TRUE,TRUE,TRUE,TRUE,TRUE,FALSE,FALSE,FALSE,TRUE,TRUE,FALSE,FALSE,TRUE
Reports,View client reports,TRUE,TRUE,TRUE,TRUE,TRUE,TRUE,TRUE,TRUE,TRUE,TRUE,TRUE,TRUE,FALSE,FALSE,TRUE,TRUE,FALSE,FALSE,TRUE
Reports,View pipeline reports,TRUE,TRUE,TRUE,FALSE,FALSE,FALSE,TRUE,TRUE,TRUE,TRUE,TRUE,FALSE,FALSE,FALSE,TRUE,TRUE,FALSE,FALSE,TRUE
Reports,View team reports,TRUE,TRUE,TRUE,FALSE,FALSE,FALSE,TRUE,TRUE,TRUE,TRUE,TRUE,FALSE,FALSE,FALSE,FALSE,FALSE,FALSE,FALSE,TRUE
Reports,View 1-on-1 performance reports,TRUE,TRUE,FALSE,FALSE,FALSE,FALSE,FALSE,FALSE,FALSE,FALSE,FALSE,FALSE,FALSE,FALSE,FALSE,FALSE,FALSE,FALSE,TRUE
Reports,Export report data,TRUE,TRUE,TRUE,FALSE,FALSE,FALSE,TRUE,TRUE,TRUE,TRUE,TRUE,FALSE,FALSE,FALSE,FALSE,FALSE,FALSE,FALSE,TRUE
Settings,View general settings,TRUE,TRUE,FALSE,FALSE,FALSE,FALSE,FALSE,FALSE,TRUE,TRUE,FALSE,FALSE,FALSE,FALSE,FALSE,FALSE,FALSE,FALSE,TRUE
Settings,View & manage general settings,TRUE,TRUE,FALSE,FALSE,FALSE,FALSE,FALSE,FALSE,FALSE,FALSE,FALSE,FALSE,FALSE,FALSE,FALSE,FALSE,FALSE,FALSE,TRUE
Settings,View roles & permissions,TRUE,TRUE,FALSE,FALSE,FALSE,FALSE,FALSE,FALSE,FALSE,FALSE,FALSE,FALSE,FALSE,FALSE,FALSE,FALSE,FALSE,FALSE,TRUE
Settings,View & manage roles & permissions,TRUE,FALSE,FALSE,TRUE,TRUE,TRUE,TRUE,TRUE,FALSE,FALSE,FALSE,FALSE,FALSE,FALSE,FALSE,FALSE,FALSE,FALSE,FALSE
Settings,View custom fields,TRUE,TRUE,TRUE,TRUE,TRUE,TRUE,TRUE,TRUE,TRUE,TRUE,TRUE,TRUE,FALSE,FALSE,TRUE,TRUE,FALSE,FALSE,TRUE
Settings,View & manage custom fields,TRUE,TRUE,FALSE,FALSE,FALSE,FALSE,FALSE,FALSE,FALSE,FALSE,FALSE,FALSE,FALSE,FALSE,FALSE,FALSE,FALSE,FALSE,TRUE
Settings,View integrations,TRUE,TRUE,FALSE,FALSE,FALSE,FALSE,FALSE,FALSE,FALSE,FALSE,FALSE,TRUE,FALSE,FALSE,FALSE,FALSE,FALSE,FALSE,TRUE
Settings,View & manage integrations,TRUE,TRUE,FALSE,FALSE,FALSE,FALSE,FALSE,FALSE,FALSE,FALSE,FALSE,TRUE,FALSE,FALSE,FALSE,FALSE,FALSE,FALSE,TRUE
,,FALSE,FALSE,FALSE,FALSE,FALSE,FALSE,,,,,,,,,,,,,
,,FALSE,FALSE,FALSE,FALSE,FALSE,FALSE,,,,,,,,,,,,,
,,FALSE,FALSE,FALSE,FALSE,FALSE,FALSE,,,,,,,,,,,,,
,,FALSE,FALSE,FALSE,FALSE,FALSE,FALSE,,,,,,,,,,,,,
,,FALSE,FALSE,FALSE,FALSE,FALSE,FALSE,,,,,,,,,,,,,
,,FALSE,FALSE,FALSE,FALSE,FALSE,FALSE,,,,,,,,,,,,,
,,FALSE,FALSE,FALSE,FALSE,FALSE,FALSE,,,,,,,,,,,,,
,,FALSE,FALSE,FALSE,FALSE,FALSE,FALSE,,,,,,,,,,,,,
,,FALSE,FALSE,FALSE,FALSE,FALSE,FALSE,,,,,,,,,,,,,
,,FALSE,FALSE,FALSE,FALSE,FALSE,FALSE,,,,,,,,,,,,,
,,FALSE,FALSE,FALSE,FALSE,FALSE,FALSE,,,,,,,,,,,,,
,,FALSE,FALSE,FALSE,FALSE,FALSE,FALSE,,,,,,,,,,,,,
,,FALSE,FALSE,FALSE,FALSE,FALSE,FALSE,,,,,,,,,,,,,
,,FALSE,FALSE,FALSE,FALSE,FALSE,FALSE,,,,,,,,,,,,,
,,FALSE,FALSE,FALSE,FALSE,FALSE,FALSE,,,,,,,,,,,,,
,,FALSE,FALSE,FALSE,FALSE,FALSE,FALSE,,,,,,,,,,,,,
,,FALSE,FALSE,FALSE,FALSE,FALSE,FALSE,,,,,,,,,,,,,
,,FALSE,FALSE,FALSE,FALSE,FALSE,FALSE,,,,,,,,,,,,,
,,FALSE,FALSE,FALSE,FALSE,FALSE,FALSE,,,,,,,,,,,,,
,,FALSE,FALSE,FALSE,FALSE,FALSE,FALSE,,,,,,,,,,,,,
,,FALSE,FALSE,FALSE,FALSE,FALSE,FALSE,,,,,,,,,,,,,
,,FALSE,FALSE,FALSE,FALSE,FALSE,FALSE,,,,,,,,,,,,,
,,FALSE,FALSE,FALSE,FALSE,FALSE,FALSE,,,,,,,,,,,,,
,,FALSE,FALSE,FALSE,FALSE,FALSE,FALSE,,,,,,,,,,,,,
,,FALSE,FALSE,FALSE,FALSE,FALSE,FALSE,,,,,,,,,,,,,
,,FALSE,FALSE,FALSE,FALSE,FALSE,FALSE,,,,,,,,,,,,,
,,FALSE,FALSE,FALSE,FALSE,FALSE,FALSE,,,,,,,,,,,,,
,,FALSE,FALSE,FALSE,FALSE,FALSE,FALSE,,,,,,,,,,,,,
,,FALSE,FALSE,FALSE,FALSE,FALSE,FALSE,,,,,,,,,,,,,
,,FALSE,FALSE,FALSE,FALSE,FALSE,FALSE,,,,,,,,,,,,,
,,FALSE,FALSE,FALSE,FALSE,FALSE,FALSE,,,,,,,,,,,,,
,,FALSE,FALSE,FALSE,FALSE,FALSE,FALSE,,,,,,,,,,,,,
,,FALSE,FALSE,FALSE,FALSE,FALSE,FALSE,,,,,,,,,,,,,
,,FALSE,FALSE,FALSE,FALSE,FALSE,FALSE,,,,,,,,,,,,,
,,FALSE,FALSE,FALSE,FALSE,FALSE,FALSE,,,,,,,,,,,,,
,,FALSE,FALSE,FALSE,FALSE,FALSE,FALSE,,,,,,,,,,,,,
,,FALSE,FALSE,FALSE,FALSE,FALSE,FALSE,,,,,,,,,,,,,
,,FALSE,FALSE,FALSE,FALSE,FALSE,FALSE,,,,,,,,,,,,,
,,FALSE,FALSE,FALSE,FALSE,FALSE,FALSE,,,,,,,,,,,,,
,,FALSE,FALSE,FALSE,FALSE,FALSE,FALSE,,,,,,,,,,,,,
,,FALSE,FALSE,FALSE,FALSE,FALSE,FALSE,,,,,,,,,,,,,
,,FALSE,FALSE,FALSE,FALSE,FALSE,FALSE,,,,,,,,,,,,,
,,FALSE,FALSE,FALSE,FALSE,FALSE,FALSE,,,,,,,,,,,,,
,,FALSE,FALSE,FALSE,FALSE,FALSE,FALSE,,,,,,,,,,,,,
,,FALSE,FALSE,FALSE,FALSE,FALSE,FALSE,,,,,,,,,,,,,
,,FALSE,FALSE,FALSE,FALSE,FALSE,FALSE,,,,,,,,,,,,,
,,FALSE,FALSE,FALSE,FALSE,FALSE,FALSE,,,,,,,,,,,,,
,,FALSE,FALSE,FALSE,FALSE,FALSE,FALSE,,,,,,,,,,,,,
,,FALSE,FALSE,FALSE,FALSE,FALSE,FALSE,,,,,,,,,,,,,
,,FALSE,FALSE,FALSE,FALSE,FALSE,FALSE,,,,,,,,,,,,,
,,FALSE,FALSE,FALSE,FALSE,FALSE,FALSE,,,,,,,,,,,,,
,,FALSE,FALSE,FALSE,FALSE,FALSE,FALSE,,,,,,,,,,,,,
,,FALSE,FALSE,FALSE,FALSE,FALSE,FALSE,,,,,,,,,,,,,
,,FALSE,FALSE,FALSE,FALSE,FALSE,FALSE,,,,,,,,,,,,,
,,FALSE,FALSE,FALSE,FALSE,FALSE,FALSE,,,,,,,,,,,,,
,,FALSE,FALSE,FALSE,FALSE,FALSE,FALSE,,,,,,,,,,,,,
,,FALSE,FALSE,FALSE,FALSE,FALSE,FALSE,,,,,,,,,,,,,
,,FALSE,FALSE,FALSE,FALSE,FALSE,FALSE,,,,,,,,,,,,,
,,FALSE,FALSE,FALSE,FALSE,FALSE,FALSE,,,,,,,,,,,,,
,,FALSE,FALSE,FALSE,FALSE,FALSE,FALSE,,,,,,,,,,,,,
,,FALSE,FALSE,FALSE,FALSE,FALSE,FALSE,,,,,,,,,,,,,
,,FALSE,FALSE,FALSE,FALSE,FALSE,FALSE,,,,,,,,,,,,,
,,FALSE,FALSE,FALSE,FALSE,FALSE,FALSE,,,,,,,,,,,,,
,,FALSE,FALSE,FALSE,FALSE,FALSE,FALSE,,,,,,,,,,,,,
,,FALSE,FALSE,FALSE,FALSE,FALSE,FALSE,,,,,,,,,,,,,
,,FALSE,FALSE,FALSE,FALSE,FALSE,FALSE,,,,,,,,,,,,,
,,FALSE,FALSE,FALSE,FALSE,FALSE,FALSE,,,,,,,,,,,,,
,,FALSE,FALSE,FALSE,FALSE,FALSE,FALSE,,,,,,,,,,,,,
,,FALSE,FALSE,FALSE,FALSE,FALSE,FALSE,,,,,,,,,,,,,
,,FALSE,FALSE,FALSE,FALSE,FALSE,FALSE,,,,,,,,,,,,,
,,FALSE,FALSE,FALSE,FALSE,FALSE,FALSE,,,,,,,,,,,,,
,,FALSE,FALSE,FALSE,FALSE,FALSE,FALSE,,,,,,,,,,,,,
,,FALSE,FALSE,FALSE,FALSE,FALSE,FALSE,,,,,,,,,,,,,
,,FALSE,FALSE,FALSE,FALSE,FALSE,FALSE,,,,,,,,,,,,,
,,FALSE,FALSE,FALSE,FALSE,FALSE,FALSE,,,,,,,,,,,,,
,,FALSE,FALSE,FALSE,FALSE,FALSE,FALSE,,,,,,,,,,,,,
,,FALSE,FALSE,FALSE,FALSE,FALSE,FALSE,,,,,,,,,,,,,
,,FALSE,FALSE,FALSE,FALSE,FALSE,FALSE,,,,,,,,,,,,,
,,FALSE,FALSE,FALSE,FALSE,FALSE,FALSE,,,,,,,,,,,,,
,,FALSE,FALSE,FALSE,FALSE,FALSE,FALSE,,,,,,,,,,,,,
,,FALSE,FALSE,FALSE,FALSE,FALSE,FALSE,,,,,,,,,,,,,
,,FALSE,FALSE,FALSE,FALSE,FALSE,FALSE,,,,,,,,,,,,,
,,FALSE,FALSE,FALSE,FALSE,FALSE,FALSE,,,,,,,,,,,,,
,,FALSE,FALSE,FALSE,FALSE,FALSE,FALSE,,,,,,,,,,,,,
,,FALSE,FALSE,FALSE,FALSE,FALSE,FALSE,,,,,,,,,,,,,
,,FALSE,FALSE,FALSE,FALSE,FALSE,FALSE,,,,,,,,,,,,,
,,FALSE,FALSE,FALSE,FALSE,FALSE,FALSE,,,,,,,,,,,,,
,,FALSE,FALSE,FALSE,FALSE,FALSE,FALSE,,,,,,,,,,,,,
,,FALSE,FALSE,FALSE,FALSE,FALSE,FALSE,,,,,,,,,,,,,
,,FALSE,FALSE,FALSE,FALSE,FALSE,FALSE,,,,,,,,,,,,,
,,FALSE,FALSE,FALSE,FALSE,FALSE,FALSE,,,,,,,,,,,,,
,,FALSE,FALSE,FALSE,FALSE,FALSE,FALSE,,,,,,,,,,,,,
,,FALSE,FALSE,FALSE,FALSE,FALSE,FALSE,,,,,,,,,,,,,
,,FALSE,FALSE,FALSE,FALSE,FALSE,FALSE,,,,,,,,,,,,,
,,FALSE,FALSE,FALSE,FALSE,FALSE,FALSE,,,,,,,,,,,,,
,,FALSE,FALSE,FALSE,FALSE,FALSE,FALSE,,,,,,,,,,,,,
,,FALSE,FALSE,FALSE,FALSE,FALSE,FALSE,,,,,,,,,,,,,
,,FALSE,FALSE,FALSE,FALSE,FALSE,FALSE,,,,,,,,,,,,,
,,FALSE,FALSE,FALSE,FALSE,FALSE,FALSE,,,,,,,,,,,,,
,,FALSE,FALSE,FALSE,FALSE,FALSE,FALSE,,,,,,,,,,,,,
,,FALSE,FALSE,FALSE,FALSE,FALSE,FALSE,,,,,,,,,,,,,
,,FALSE,FALSE,FALSE,FALSE,FALSE,FALSE,,,,,,,,,,,,,
,,FALSE,FALSE,FALSE,FALSE,FALSE,FALSE,,,,,,,,,,,,,
,,FALSE,FALSE,FALSE,FALSE,FALSE,FALSE,,,,,,,,,,,,,
,,FALSE,FALSE,FALSE,FALSE,FALSE,FALSE,,,,,,,,,,,,,
,,FALSE,FALSE,FALSE,FALSE,FALSE,FALSE,,,,,,,,,,,,,
,,FALSE,FALSE,FALSE,FALSE,FALSE,FALSE,,,,,,,,,,,,,
,,FALSE,FALSE,FALSE,FALSE,FALSE,FALSE,,,,,,,,,,,,,
,,FALSE,FALSE,FALSE,FALSE,FALSE,FALSE,,,,,,,,,,,,,
,,FALSE,FALSE,FALSE,FALSE,FALSE,FALSE,,,,,,,,,,,,,
,,FALSE,FALSE,FALSE,FALSE,FALSE,FALSE,,,,,,,,,,,,,
,,FALSE,FALSE,FALSE,FALSE,FALSE,FALSE,,,,,,,,,,,,,
,,FALSE,FALSE,FALSE,FALSE,FALSE,FALSE,,,,,,,,,,,,,
,,FALSE,FALSE,FALSE,FALSE,FALSE,FALSE,,,,,,,,,,,,,
,,FALSE,FALSE,FALSE,FALSE,FALSE,FALSE,,,,,,,,,,,,,
,,FALSE,FALSE,FALSE,FALSE,FALSE,FALSE,,,,,,,,,,,,,
,,FALSE,FALSE,FALSE,FALSE,FALSE,FALSE,,,,,,,,,,,,,
,,FALSE,FALSE,FALSE,FALSE,FALSE,FALSE,,,,,,,,,,,,,
,,FALSE,FALSE,FALSE,FALSE,FALSE,FALSE,,,,,,,,,,,,,
,,FALSE,FALSE,FALSE,FALSE,FALSE,FALSE,,,,,,,,,,,,,
,,FALSE,FALSE,FALSE,FALSE,FALSE,FALSE,,,,,,,,,,,,,
,,FALSE,FALSE,FALSE,FALSE,FALSE,FALSE,,,,,,,,,,,,,
,,FALSE,FALSE,FALSE,FALSE,FALSE,FALSE,,,,,,,,,,,,,
,,FALSE,FALSE,FALSE,FALSE,FALSE,FALSE,,,,,,,,,,,,,
,,FALSE,FALSE,FALSE,FALSE,FALSE,FALSE,,,,,,,,,,,,,
,,FALSE,FALSE,FALSE,FALSE,FALSE,FALSE,,,,,,,,,,,,,
,,FALSE,FALSE,FALSE,FALSE,FALSE,FALSE,,,,,,,,,,,,,
,,FALSE,FALSE,FALSE,FALSE,FALSE,FALSE,,,,,,,,,,,,,
,,FALSE,FALSE,FALSE,FALSE,FALSE,FALSE,,,,,,,,,,,,,
,,FALSE,FALSE,FALSE,FALSE,FALSE,FALSE,,,,,,,,,,,,,
,,FALSE,FALSE,FALSE,FALSE,FALSE,FALSE,,,,,,,,,,,,,
,,FALSE,FALSE,FALSE,FALSE,FALSE,FALSE,,,,,,,,,,,,,
,,FALSE,FALSE,FALSE,FALSE,FALSE,FALSE,,,,,,,,,,,,,
,,FALSE,FALSE,FALSE,FALSE,FALSE,FALSE,,,,,,,,,,,,,
,,FALSE,FALSE,FALSE,FALSE,FALSE,FALSE,,,,,,,,,,,,,
,,FALSE,FALSE,FALSE,FALSE,FALSE,FALSE,,,,,,,,,,,,,
,,FALSE,FALSE,FALSE,FALSE,FALSE,FALSE,,,,,,,,,,,,,
,,FALSE,FALSE,FALSE,FALSE,FALSE,FALSE,,,,,,,,,,,,,
,,FALSE,FALSE,FALSE,FALSE,FALSE,FALSE,,,,,,,,,,,,,
,,FALSE,FALSE,FALSE,FALSE,FALSE,FALSE,,,,,,,,,,,,,
,,FALSE,FALSE,FALSE,FALSE,FALSE,FALSE,,,,,,,,,,,,,
,,FALSE,FALSE,FALSE,FALSE,FALSE,FALSE,,,,,,,,,,,,,
,,FALSE,FALSE,FALSE,FALSE,FALSE,FALSE,,,,,,,,,,,,,
,,FALSE,FALSE,FALSE,FALSE,FALSE,FALSE,,,,,,,,,,,,,
,,FALSE,FALSE,FALSE,FALSE,FALSE,FALSE,,,,,,,,,,,,,
,,FALSE,FALSE,FALSE,FALSE,FALSE,FALSE,,,,,,,,,,,,,
,,FALSE,FALSE,FALSE,FALSE,FALSE,FALSE,,,,,,,,,,,,,
,,FALSE,FALSE,FALSE,FALSE,FALSE,FALSE,,,,,,,,,,,,,
,,FALSE,FALSE,FALSE,FALSE,FALSE,FALSE,,,,,,,,,,,,,
,,FALSE,FALSE,FALSE,FALSE,FALSE,FALSE,,,,,,,,,,,,,
,,FALSE,FALSE,FALSE,FALSE,FALSE,FALSE,,,,,,,,,,,,,
,,FALSE,FALSE,FALSE,FALSE,FALSE,FALSE,,,,,,,,,,,,,
,,FALSE,FALSE,FALSE,FALSE,FALSE,FALSE,,,,,,,,,,,,,
,,FALSE,FALSE,FALSE,FALSE,FALSE,FALSE,,,,,,,,,,,,,
,,FALSE,FALSE,FALSE,FALSE,FALSE,FALSE,,,,,,,,,,,,,
,,FALSE,FALSE,FALSE,FALSE,FALSE,FALSE,,,,,,,,,,,,,
,,FALSE,FALSE,FALSE,FALSE,FALSE,FALSE,,,,,,,,,,,,,
,,FALSE,FALSE,FALSE,FALSE,FALSE,FALSE,,,,,,,,,,,,,
,,FALSE,FALSE,FALSE,FALSE,FALSE,FALSE,,,,,,,,,,,,,
,,FALSE,FALSE,FALSE,FALSE,FALSE,FALSE,,,,,,,,,,,,,
,,FALSE,FALSE,FALSE,FALSE,FALSE,FALSE,,,,,,,,,,,,,
,,FALSE,FALSE,FALSE,FALSE,FALSE,FALSE,,,,,,,,,,,,,
,,FALSE,FALSE,FALSE,FALSE,FALSE,FALSE,,,,,,,,,,,,,
,,FALSE,FALSE,FALSE,FALSE,FALSE,FALSE,,,,,,,,,,,,,
,,FALSE,FALSE,FALSE,FALSE,FALSE,FALSE,,,,,,,,,,,,,
,,FALSE,FALSE,FALSE,FALSE,FALSE,FALSE,,,,,,,,,,,,,
,,FALSE,FALSE,FALSE,FALSE,FALSE,FALSE,,,,,,,,,,,,,
,,FALSE,FALSE,FALSE,FALSE,FALSE,FALSE,,,,,,,,,,,,,
,,FALSE,FALSE,FALSE,FALSE,FALSE,FALSE,,,,,,,,,,,,,
,,FALSE,FALSE,FALSE,FALSE,FALSE,FALSE,,,,,,,,,,,,,
,,FALSE,FALSE,FALSE,FALSE,FALSE,FALSE,,,,,,,,,,,,,
,,FALSE,FALSE,FALSE,FALSE,FALSE,FALSE,,,,,,,,,,,,,
,,FALSE,FALSE,FALSE,FALSE,FALSE,FALSE,,,,,,,,,,,,,
,,FALSE,FALSE,FALSE,FALSE,FALSE,FALSE,,,,,,,,,,,,,
,,FALSE,FALSE,FALSE,FALSE,FALSE,FALSE,,,,,,,,,,,,,
,,FALSE,FALSE,FALSE,FALSE,FALSE,FALSE,,,,,,,,,,,,,
,,FALSE,FALSE,FALSE,FALSE,FALSE,FALSE,,,,,,,,,,,,,
,,FALSE,FALSE,FALSE,FALSE,FALSE,FALSE,,,,,,,,,,,,,
,,FALSE,FALSE,FALSE,FALSE,FALSE,FALSE,,,,,,,,,,,,,
,,FALSE,FALSE,FALSE,FALSE,FALSE,FALSE,,,,,,,,,,,,,
,,FALSE,FALSE,FALSE,FALSE,FALSE,FALSE,,,,,,,,,,,,,
,,FALSE,FALSE,FALSE,FALSE,FALSE,FALSE,,,,,,,,,,,,,
,,FALSE,FALSE,FALSE,FALSE,FALSE,FALSE,,,,,,,,,,,,,
,,FALSE,FALSE,FALSE,FALSE,FALSE,FALSE,,,,,,,,,,,,,
,,FALSE,FALSE,FALSE,FALSE,FALSE,FALSE,,,,,,,,,,,,,
,,FALSE,FALSE,FALSE,FALSE,FALSE,FALSE,,,,,,,,,,,,,
,,FALSE,FALSE,FALSE,FALSE,FALSE,FALSE,,,,,,,,,,,,,
,,FALSE,FALSE,FALSE,FALSE,FALSE,FALSE,,,,,,,,,,,,,
,,FALSE,FALSE,FALSE,FALSE,FALSE,FALSE,,,,,,,,,,,,,
,,FALSE,FALSE,FALSE,FALSE,FALSE,FALSE,,,,,,,,,,,,,
,,FALSE,FALSE,FALSE,FALSE,FALSE,FALSE,,,,,,,,,,,,,
,,FALSE,FALSE,FALSE,FALSE,FALSE,FALSE,,,,,,,,,,,,,
,,FALSE,FALSE,FALSE,FALSE,FALSE,FALSE,,,,,,,,,,,,,
,,FALSE,FALSE,FALSE,FALSE,FALSE,FALSE,,,,,,,,,,,,,
,,FALSE,FALSE,FALSE,FALSE,FALSE,FALSE,,,,,,,,,,,,,
,,FALSE,FALSE,FALSE,FALSE,FALSE,FALSE,,,,,,,,,,,,,
,,FALSE,FALSE,FALSE,FALSE,FALSE,FALSE,,,,,,,,,,,,,
,,FALSE,FALSE,FALSE,FALSE,FALSE,FALSE,,,,,,,,,,,,,
,,FALSE,FALSE,FALSE,FALSE,FALSE,FALSE,,,,,,,,,,,,,
,,FALSE,FALSE,FALSE,FALSE,FALSE,FALSE,,,,,,,,,,,,,
,,FALSE,FALSE,FALSE,FALSE,FALSE,FALSE,,,,,,,,,,,,,
,,FALSE,FALSE,FALSE,FALSE,FALSE,FALSE,,,,,,,,,,,,,
,,FALSE,FALSE,FALSE,FALSE,FALSE,FALSE,,,,,,,,,,,,,
,,FALSE,FALSE,FALSE,FALSE,FALSE,FALSE,,,,,,,,,,,,,
,,FALSE,FALSE,FALSE,FALSE,FALSE,FALSE,,,,,,,,,,,,,
,,FALSE,FALSE,FALSE,FALSE,FALSE,FALSE,,,,,,,,,,,,,
,,FALSE,FALSE,FALSE,FALSE,FALSE,FALSE,,,,,,,,,,,,,
,,FALSE,FALSE,FALSE,FALSE,FALSE,FALSE,,,,,,,,,,,,,
,,FALSE,FALSE,FALSE,FALSE,FALSE,FALSE,,,,,,,,,,,,,
,,FALSE,FALSE,FALSE,FALSE,FALSE,FALSE,,,,,,,,,,,,,
,,FALSE,FALSE,FALSE,FALSE,FALSE,FALSE,,,,,,,,,,,,,
,,FALSE,FALSE,FALSE,FALSE,FALSE,FALSE,,,,,,,,,,,,,
,,FALSE,FALSE,FALSE,FALSE,FALSE,FALSE,,,,,,,,,,,,,
,,FALSE,FALSE,FALSE,FALSE,FALSE,FALSE,,,,,,,,,,,,,
,,FALSE,FALSE,FALSE,FALSE,FALSE,FALSE,,,,,,,,,,,,,
,,FALSE,FALSE,FALSE,FALSE,FALSE,FALSE,,,,,,,,,,,,,
,,FALSE,FALSE,FALSE,FALSE,FALSE,FALSE,,,,,,,,,,,,,
,,FALSE,FALSE,FALSE,FALSE,FALSE,FALSE,,,,,,,,,,,,,
,,FALSE,FALSE,FALSE,FALSE,FALSE,FALSE,,,,,,,,,,,,,
,,FALSE,FALSE,FALSE,FALSE,FALSE,FALSE,,,,,,,,,,,,,
,,FALSE,FALSE,FALSE,FALSE,FALSE,FALSE,,,,,,,,,,,,,
,,FALSE,FALSE,FALSE,FALSE,FALSE,FALSE,,,,,,,,,,,,,
,,FALSE,FALSE,FALSE,FALSE,FALSE,FALSE,,,,,,,,,,,,,
,,FALSE,FALSE,FALSE,FALSE,FALSE,FALSE,,,,,,,,,,,,,
,,FALSE,FALSE,FALSE,FALSE,FALSE,FALSE,,,,,,,,,,,,,
,,FALSE,FALSE,FALSE,FALSE,FALSE,FALSE,,,,,,,,,,,,,
,,FALSE,FALSE,FALSE,FALSE,FALSE,FALSE,,,,,,,,,,,,,
,,FALSE,FALSE,FALSE,FALSE,FALSE,FALSE,,,,,,,,,,,,,
,,FALSE,FALSE,FALSE,FALSE,FALSE,FALSE,,,,,,,,,,,,,
,,FALSE,FALSE,FALSE,FALSE,FALSE,FALSE,,,,,,,,,,,,,
,,FALSE,FALSE,FALSE,FALSE,FALSE,FALSE,,,,,,,,,,,,,
,,FALSE,FALSE,FALSE,FALSE,FALSE,FALSE,,,,,,,,,,,,,
,,FALSE,FALSE,FALSE,FALSE,FALSE,FALSE,,,,,,,,,,,,,
,,FALSE,FALSE,FALSE,FALSE,FALSE,FALSE,,,,,,,,,,,,,
,,FALSE,FALSE,FALSE,FALSE,FALSE,FALSE,,,,,,,,,,,,,
,,FALSE,FALSE,FALSE,FALSE,FALSE,FALSE,,,,,,,,,,,,,
,,FALSE,FALSE,FALSE,FALSE,FALSE,FALSE,,,,,,,,,,,,,
,,FALSE,FALSE,FALSE,FALSE,FALSE,FALSE,,,,,,,,,,,,,
,,FALSE,FALSE,FALSE,FALSE,FALSE,FALSE,,,,,,,,,,,,,
,,FALSE,FALSE,FALSE,FALSE,FALSE,FALSE,,,,,,,,,,,,,
,,FALSE,FALSE,FALSE,FALSE,FALSE,FALSE,,,,,,,,,,,,,
,,FALSE,FALSE,FALSE,FALSE,FALSE,FALSE,,,,,,,,,,,,,
,,FALSE,FALSE,FALSE,FALSE,FALSE,FALSE,,,,,,,,,,,,,
,,FALSE,FALSE,FALSE,FALSE,FALSE,FALSE,,,,,,,,,,,,,
,,FALSE,FALSE,FALSE,FALSE,FALSE,FALSE,,,,,,,,,,,,,
,,FALSE,FALSE,FALSE,FALSE,FALSE,FALSE,,,,,,,,,,,,,
,,FALSE,FALSE,FALSE,FALSE,FALSE,FALSE,,,,,,,,,,,,,
,,FALSE,FALSE,FALSE,FALSE,FALSE,FALSE,,,,,,,,,,,,,
,,FALSE,FALSE,FALSE,FALSE,FALSE,FALSE,,,,,,,,,,,,,
,,FALSE,FALSE,FALSE,FALSE,FALSE,FALSE,,,,,,,,,,,,,
,,FALSE,FALSE,FALSE,FALSE,FALSE,FALSE,,,,,,,,,,,,,
,,FALSE,FALSE,FALSE,FALSE,FALSE,FALSE,,,,,,,,,,,,,
,,FALSE,FALSE,FALSE,FALSE,FALSE,FALSE,,,,,,,,,,,,,
,,FALSE,FALSE,FALSE,FALSE,FALSE,FALSE,,,,,,,,,,,,,
,,FALSE,FALSE,FALSE,FALSE,FALSE,FALSE,,,,,,,,,,,,,
,,FALSE,FALSE,FALSE,FALSE,FALSE,FALSE,,,,,,,,,,,,,
,,FALSE,FALSE,FALSE,FALSE,FALSE,FALSE,,,,,,,,,,,,,
,,FALSE,FALSE,FALSE,FALSE,FALSE,FALSE,,,,,,,,,,,,,
,,FALSE,FALSE,FALSE,FALSE,FALSE,FALSE,,,,,,,,,,,,,
,,FALSE,FALSE,FALSE,FALSE,FALSE,FALSE,,,,,,,,,,,,,
,,FALSE,FALSE,FALSE,FALSE,FALSE,FALSE,,,,,,,,,,,,,
,,FALSE,FALSE,FALSE,FALSE,FALSE,FALSE,,,,,,,,,,,,,
,,FALSE,FALSE,FALSE,FALSE,FALSE,FALSE,,,,,,,,,,,,,
,,FALSE,FALSE,FALSE,FALSE,FALSE,FALSE,,,,,,,,,,,,,
,,FALSE,FALSE,FALSE,FALSE,FALSE,FALSE,,,,,,,,,,,,,
,,FALSE,FALSE,FALSE,FALSE,FALSE,FALSE,,,,,,,,,,,,,
,,FALSE,FALSE,FALSE,FALSE,FALSE,FALSE,,,,,,,,,,,,,
,,FALSE,FALSE,FALSE,FALSE,FALSE,FALSE,,,,,,,,,,,,,
,,FALSE,FALSE,FALSE,FALSE,FALSE,FALSE,,,,,,,,,,,,,
,,FALSE,FALSE,FALSE,FALSE,FALSE,FALSE,,,,,,,,,,,,,
,,FALSE,FALSE,FALSE,FALSE,FALSE,FALSE,,,,,,,,,,,,,
,,FALSE,FALSE,FALSE,FALSE,FALSE,FALSE,,,,,,,,,,,,,
,,FALSE,FALSE,FALSE,FALSE,FALSE,FALSE,,,,,,,,,,,,,
,,FALSE,FALSE,FALSE,FALSE,FALSE,FALSE,,,,,,,,,,,,,
,,FALSE,FALSE,FALSE,FALSE,FALSE,FALSE,,,,,,,,,,,,,
,,FALSE,FALSE,FALSE,FALSE,FALSE,FALSE,,,,,,,,,,,,,
,,FALSE,FALSE,FALSE,FALSE,FALSE,FALSE,,,,,,,,,,,,,
,,FALSE,FALSE,FALSE,FALSE,FALSE,FALSE,,,,,,,,,,,,,
,,FALSE,FALSE,FALSE,FALSE,FALSE,FALSE,,,,,,,,,,,,,
,,FALSE,FALSE,FALSE,FALSE,FALSE,FALSE,,,,,,,,,,,,,
,,FALSE,FALSE,FALSE,FALSE,FALSE,FALSE,,,,,,,,,,,,,
,,FALSE,FALSE,FALSE,FALSE,FALSE,FALSE,,,,,,,,,,,,,
,,FALSE,FALSE,FALSE,FALSE,FALSE,FALSE,,,,,,,,,,,,,
,,FALSE,FALSE,FALSE,FALSE,FALSE,FALSE,,,,,,,,,,,,,
,,FALSE,FALSE,FALSE,FALSE,FALSE,FALSE,,,,,,,,,,,,,
,,FALSE,FALSE,FALSE,FALSE,FALSE,FALSE,,,,,,,,,,,,,
,,FALSE,FALSE,FALSE,FALSE,FALSE,FALSE,,,,,,,,,,,,,
,,FALSE,FALSE,FALSE,FALSE,FALSE,FALSE,,,,,,,,,,,,,
,,FALSE,FALSE,FALSE,FALSE,FALSE,FALSE,,,,,,,,,,,,,
,,FALSE,FALSE,FALSE,FALSE,FALSE,FALSE,,,,,,,,,,,,,
,,FALSE,FALSE,FALSE,FALSE,FALSE,FALSE,,,,,,,,,,,,,
,,FALSE,FALSE,FALSE,FALSE,FALSE,FALSE,,,,,,,,,,,,,
,,FALSE,FALSE,FALSE,FALSE,FALSE,FALSE,,,,,,,,,,,,,
,,FALSE,FALSE,FALSE,FALSE,FALSE,FALSE,,,,,,,,,,,,,
,,FALSE,FALSE,FALSE,FALSE,FALSE,FALSE,,,,,,,,,,,,,
,,FALSE,FALSE,FALSE,FALSE,FALSE,FALSE,,,,,,,,,,,,,
,,FALSE,FALSE,FALSE,FALSE,FALSE,FALSE,,,,,,,,,,,,,
,,FALSE,FALSE,FALSE,FALSE,FALSE,FALSE,,,,,,,,,,,,,
,,FALSE,FALSE,FALSE,FALSE,FALSE,FALSE,,,,,,,,,,,,,
,,FALSE,FALSE,FALSE,FALSE,FALSE,FALSE,,,,,,,,,,,,,
,,FALSE,FALSE,FALSE,FALSE,FALSE,FALSE,,,,,,,,,,,,,
,,FALSE,FALSE,FALSE,FALSE,FALSE,FALSE,,,,,,,,,,,,,
,,FALSE,FALSE,FALSE,FALSE,FALSE,FALSE,,,,,,,,,,,,,
,,FALSE,FALSE,FALSE,FALSE,FALSE,FALSE,,,,,,,,,,,,,
,,FALSE,FALSE,FALSE,FALSE,FALSE,FALSE,,,,,,,,,,,,,
,,FALSE,FALSE,FALSE,FALSE,FALSE,FALSE,,,,,,,,,,,,,
,,FALSE,FALSE,FALSE,FALSE,FALSE,FALSE,,,,,,,,,,,,,
,,FALSE,FALSE,FALSE,FALSE,FALSE,FALSE,,,,,,,,,,,,,
,,FALSE,FALSE,FALSE,FALSE,FALSE,FALSE,,,,,,,,,,,,,
,,FALSE,FALSE,FALSE,FALSE,FALSE,FALSE,,,,,,,,,,,,,
,,FALSE,FALSE,FALSE,FALSE,FALSE,FALSE,,,,,,,,,,,,,
,,FALSE,FALSE,FALSE,FALSE,FALSE,FALSE,,,,,,,,,,,,,
,,FALSE,FALSE,FALSE,FALSE,FALSE,FALSE,,,,,,,,,,,,,
,,FALSE,FALSE,FALSE,FALSE,FALSE,FALSE,,,,,,,,,,,,,
,,FALSE,FALSE,FALSE,FALSE,FALSE,FALSE,,,,,,,,,,,,,
,,FALSE,FALSE,FALSE,FALSE,FALSE,FALSE,,,,,,,,,,,,,
,,FALSE,FALSE,FALSE,FALSE,FALSE,FALSE,,,,,,,,,,,,,
,,FALSE,FALSE,FALSE,FALSE,FALSE,FALSE,,,,,,,,,,,,,
,,FALSE,FALSE,FALSE,FALSE,FALSE,FALSE,,,,,,,,,,,,,
,,FALSE,FALSE,FALSE,FALSE,FALSE,FALSE,,,,,,,,,,,,,
,,FALSE,FALSE,FALSE,FALSE,FALSE,FALSE,,,,,,,,,,,,,
,,FALSE,FALSE,FALSE,FALSE,FALSE,FALSE,,,,,,,,,,,,,
,,FALSE,FALSE,FALSE,FALSE,FALSE,FALSE,,,,,,,,,,,,,
,,FALSE,FALSE,FALSE,FALSE,FALSE,FALSE,,,,,,,,,,,,,
,,FALSE,FALSE,FALSE,FALSE,FALSE,FALSE,,,,,,,,,,,,,
,,FALSE,FALSE,FALSE,FALSE,FALSE,FALSE,,,,,,,,,,,,,
,,FALSE,FALSE,FALSE,FALSE,FALSE,FALSE,,,,,,,,,,,,,
,,FALSE,FALSE,FALSE,FALSE,FALSE,FALSE,,,,,,,,,,,,,
,,FALSE,FALSE,FALSE,FALSE,FALSE,FALSE,,,,,,,,,,,,,
,,FALSE,FALSE,FALSE,FALSE,FALSE,FALSE,,,,,,,,,,,,,
,,FALSE,FALSE,FALSE,FALSE,FALSE,FALSE,,,,,,,,,,,,,
,,FALSE,FALSE,FALSE,FALSE,FALSE,FALSE,,,,,,,,,,,,,
,,FALSE,FALSE,FALSE,FALSE,FALSE,FALSE,,,,,,,,,,,,,
,,FALSE,FALSE,FALSE,FALSE,FALSE,FALSE,,,,,,,,,,,,,
,,FALSE,FALSE,FALSE,FALSE,FALSE,FALSE,,,,,,,,,,,,,
,,FALSE,FALSE,FALSE,FALSE,FALSE,FALSE,,,,,,,,,,,,,
,,FALSE,FALSE,FALSE,FALSE,FALSE,FALSE,,,,,,,,,,,,,
,,FALSE,FALSE,FALSE,FALSE,FALSE,FALSE,,,,,,,,,,,,,
,,FALSE,FALSE,FALSE,FALSE,FALSE,FALSE,,,,,,,,,,,,,
,,FALSE,FALSE,FALSE,FALSE,FALSE,FALSE,,,,,,,,,,,,,
,,FALSE,FALSE,FALSE,FALSE,FALSE,FALSE,,,,,,,,,,,,,
,,FALSE,FALSE,FALSE,FALSE,FALSE,FALSE,,,,,,,,,,,,,
,,FALSE,FALSE,FALSE,FALSE,FALSE,FALSE,,,,,,,,,,,,,
,,FALSE,FALSE,FALSE,FALSE,FALSE,FALSE,,,,,,,,,,,,,
,,FALSE,FALSE,FALSE,FALSE,FALSE,FALSE,,,,,,,,,,,,,
,,FALSE,FALSE,FALSE,FALSE,FALSE,FALSE,,,,,,,,,,,,,
,,FALSE,FALSE,FALSE,FALSE,FALSE,FALSE,,,,,,,,,,,,,
,,FALSE,FALSE,FALSE,FALSE,FALSE,FALSE,,,,,,,,,,,,,
,,FALSE,FALSE,FALSE,FALSE,FALSE,FALSE,,,,,,,,,,,,,
,,FALSE,FALSE,FALSE,FALSE,FALSE,FALSE,,,,,,,,,,,,,
,,FALSE,FALSE,FALSE,FALSE,FALSE,FALSE,,,,,,,,,,,,,
,,FALSE,FALSE,FALSE,FALSE,FALSE,FALSE,,,,,,,,,,,,,
,,FALSE,FALSE,FALSE,FALSE,FALSE,FALSE,,,,,,,,,,,,,
,,FALSE,FALSE,FALSE,FALSE,FALSE,FALSE,,,,,,,,,,,,,
,,FALSE,FALSE,FALSE,FALSE,FALSE,FALSE,,,,,,,,,,,,,
,,FALSE,FALSE,FALSE,FALSE,FALSE,FALSE,,,,,,,,,,,,,
,,FALSE,FALSE,FALSE,FALSE,FALSE,FALSE,,,,,,,,,,,,,
,,FALSE,FALSE,FALSE,FALSE,FALSE,FALSE,,,,,,,,,,,,,
,,FALSE,FALSE,FALSE,FALSE,FALSE,FALSE,,,,,,,,,,,,,
,,FALSE,FALSE,FALSE,FALSE,FALSE,FALSE,,,,,,,,,,,,,
,,FALSE,FALSE,FALSE,FALSE,FALSE,FALSE,,,,,,,,,,,,,
,,FALSE,FALSE,FALSE,FALSE,FALSE,FALSE,,,,,,,,,,,,,
,,FALSE,FALSE,FALSE,FALSE,FALSE,FALSE,,,,,,,,,,,,,
,,FALSE,FALSE,FALSE,FALSE,FALSE,FALSE,,,,,,,,,,,,,
,,FALSE,FALSE,FALSE,FALSE,FALSE,FALSE,,,,,,,,,,,,,
,,FALSE,FALSE,FALSE,FALSE,FALSE,FALSE,,,,,,,,,,,,,
,,FALSE,FALSE,FALSE,FALSE,FALSE,FALSE,,,,,,,,,,,,,
,,FALSE,FALSE,FALSE,FALSE,FALSE,FALSE,,,,,,,,,,,,,
,,FALSE,FALSE,FALSE,FALSE,FALSE,FALSE,,,,,,,,,,,,,
,,FALSE,FALSE,FALSE,FALSE,FALSE,FALSE,,,,,,,,,,,,,
,,FALSE,FALSE,FALSE,FALSE,FALSE,FALSE,,,,,,,,,,,,,
,,FALSE,FALSE,FALSE,FALSE,FALSE,FALSE,,,,,,,,,,,,,
,,FALSE,FALSE,FALSE,FALSE,FALSE,FALSE,,,,,,,,,,,,,
,,FALSE,FALSE,FALSE,FALSE,FALSE,FALSE,,,,,,,,,,,,,
,,FALSE,FALSE,FALSE,FALSE,FALSE,FALSE,,,,,,,,,,,,,
,,FALSE,FALSE,FALSE,FALSE,FALSE,FALSE,,,,,,,,,,,,,
,,FALSE,FALSE,FALSE,FALSE,FALSE,FALSE,,,,,,,,,,,,,
,,FALSE,FALSE,FALSE,FALSE,FALSE,FALSE,,,,,,,,,,,,,
,,FALSE,FALSE,FALSE,FALSE,FALSE,FALSE,,,,,,,,,,,,,
,,FALSE,FALSE,FALSE,FALSE,FALSE,FALSE,,,,,,,,,,,,,
,,FALSE,FALSE,FALSE,FALSE,FALSE,FALSE,,,,,,,,,,,,,
,,FALSE,FALSE,FALSE,FALSE,FALSE,FALSE,,,,,,,,,,,,,
,,FALSE,FALSE,FALSE,FALSE,FALSE,FALSE,,,,,,,,,,,,,
,,FALSE,FALSE,FALSE,FALSE,FALSE,FALSE,,,,,,,,,,,,,
,,FALSE,FALSE,FALSE,FALSE,FALSE,FALSE,,,,,,,,,,,,,
,,FALSE,FALSE,FALSE,FALSE,FALSE,FALSE,,,,,,,,,,,,,
,,FALSE,FALSE,FALSE,FALSE,FALSE,FALSE,,,,,,,,,,,,,
,,FALSE,FALSE,FALSE,FALSE,FALSE,FALSE,,,,,,,,,,,,,
,,FALSE,FALSE,FALSE,FALSE,FALSE,FALSE,,,,,,,,,,,,,
,,FALSE,FALSE,FALSE,FALSE,FALSE,FALSE,,,,,,,,,,,,,
,,FALSE,FALSE,FALSE,FALSE,FALSE,FALSE,,,,,,,,,,,,,
,,FALSE,FALSE,FALSE,FALSE,FALSE,FALSE,,,,,,,,,,,,,
,,FALSE,FALSE,FALSE,FALSE,FALSE,FALSE,,,,,,,,,,,,,
,,FALSE,FALSE,FALSE,FALSE,FALSE,FALSE,,,,,,,,,,,,,
,,FALSE,FALSE,FALSE,FALSE,FALSE,FALSE,,,,,,,,,,,,,
,,FALSE,FALSE,FALSE,FALSE,FALSE,FALSE,,,,,,,,,,,,,
,,FALSE,FALSE,FALSE,FALSE,FALSE,FALSE,,,,,,,,,,,,,
,,FALSE,FALSE,FALSE,FALSE,FALSE,FALSE,,,,,,,,,,,,,
,,FALSE,FALSE,FALSE,FALSE,FALSE,FALSE,,,,,,,,,,,,,
,,FALSE,FALSE,FALSE,FALSE,FALSE,FALSE,,,,,,,,,,,,,
,,FALSE,FALSE,FALSE,FALSE,FALSE,FALSE,,,,,,,,,,,,,
,,FALSE,FALSE,FALSE,FALSE,FALSE,FALSE,,,,,,,,,,,,,
,,FALSE,FALSE,FALSE,FALSE,FALSE,FALSE,,,,,,,,,,,,,
,,FALSE,FALSE,FALSE,FALSE,FALSE,FALSE,,,,,,,,,,,,,
,,FALSE,FALSE,FALSE,FALSE,FALSE,FALSE,,,,,,,,,,,,,
,,FALSE,FALSE,FALSE,FALSE,FALSE,FALSE,,,,,,,,,,,,,
,,FALSE,FALSE,FALSE,FALSE,FALSE,FALSE,,,,,,,,,,,,,
,,FALSE,FALSE,FALSE,FALSE,FALSE,FALSE,,,,,,,,,,,,,
,,FALSE,FALSE,FALSE,FALSE,FALSE,FALSE,,,,,,,,,,,,,
,,FALSE,FALSE,FALSE,FALSE,FALSE,FALSE,,,,,,,,,,,,,
,,FALSE,FALSE,FALSE,FALSE,FALSE,FALSE,,,,,,,,,,,,,
,,FALSE,FALSE,FALSE,FALSE,FALSE,FALSE,,,,,,,,,,,,,
,,FALSE,FALSE,FALSE,FALSE,FALSE,FALSE,,,,,,,,,,,,,
,,FALSE,FALSE,FALSE,FALSE,FALSE,FALSE,,,,,,,,,,,,,
,,FALSE,FALSE,FALSE,FALSE,FALSE,FALSE,,,,,,,,,,,,,
,,FALSE,FALSE,FALSE,FALSE,FALSE,FALSE,,,,,,,,,,,,,
,,FALSE,FALSE,FALSE,FALSE,FALSE,FALSE,,,,,,,,,,,,,
,,FALSE,FALSE,FALSE,FALSE,FALSE,FALSE,,,,,,,,,,,,,
,,FALSE,FALSE,FALSE,FALSE,FALSE,FALSE,,,,,,,,,,,,,
,,FALSE,FALSE,FALSE,FALSE,FALSE,FALSE,,,,,,,,,,,,,
,,FALSE,FALSE,FALSE,FALSE,FALSE,FALSE,,,,,,,,,,,,,
,,FALSE,FALSE,FALSE,FALSE,FALSE,FALSE,,,,,,,,,,,,,
,,FALSE,FALSE,FALSE,FALSE,FALSE,FALSE,,,,,,,,,,,,,
,,FALSE,FALSE,FALSE,FALSE,FALSE,FALSE,,,,,,,,,,,,,
,,FALSE,FALSE,FALSE,FALSE,FALSE,FALSE,,,,,,,,,,,,,
,,FALSE,FALSE,FALSE,FALSE,FALSE,FALSE,,,,,,,,,,,,,
,,FALSE,FALSE,FALSE,FALSE,FALSE,FALSE,,,,,,,,,,,,,
,,FALSE,FALSE,FALSE,FALSE,FALSE,FALSE,,,,,,,,,,,,,
,,FALSE,FALSE,FALSE,FALSE,FALSE,FALSE,,,,,,,,,,,,,
,,FALSE,FALSE,FALSE,FALSE,FALSE,FALSE,,,,,,,,,,,,,
,,FALSE,FALSE,FALSE,FALSE,FALSE,FALSE,,,,,,,,,,,,,
,,FALSE,FALSE,FALSE,FALSE,FALSE,FALSE,,,,,,,,,,,,,
,,FALSE,FALSE,FALSE,FALSE,FALSE,FALSE,,,,,,,,,,,,,
,,FALSE,FALSE,FALSE,FALSE,FALSE,FALSE,,,,,,,,,,,,,
,,FALSE,FALSE,FALSE,FALSE,FALSE,FALSE,,,,,,,,,,,,,
,,FALSE,FALSE,FALSE,FALSE,FALSE,FALSE,,,,,,,,,,,,,
,,FALSE,FALSE,FALSE,FALSE,FALSE,FALSE,,,,,,,,,,,,,
,,FALSE,FALSE,FALSE,FALSE,FALSE,FALSE,,,,,,,,,,,,,
,,FALSE,FALSE,FALSE,FALSE,FALSE,FALSE,,,,,,,,,,,,,
,,FALSE,FALSE,FALSE,FALSE,FALSE,FALSE,,,,,,,,,,,,,
,,FALSE,FALSE,FALSE,FALSE,FALSE,FALSE,,,,,,,,,,,,,
,,FALSE,FALSE,FALSE,FALSE,FALSE,FALSE,,,,,,,,,,,,,
,,FALSE,FALSE,FALSE,FALSE,FALSE,FALSE,,,,,,,,,,,,,
,,FALSE,FALSE,FALSE,FALSE,FALSE,FALSE,,,,,,,,,,,,,
,,FALSE,FALSE,FALSE,FALSE,FALSE,FALSE,,,,,,,,,,,,,
,,FALSE,FALSE,FALSE,FALSE,FALSE,FALSE,,,,,,,,,,,,,
,,FALSE,FALSE,FALSE,FALSE,FALSE,FALSE,,,,,,,,,,,,,
,,FALSE,FALSE,FALSE,FALSE,FALSE,FALSE,,,,,,,,,,,,,
,,FALSE,FALSE,FALSE,FALSE,FALSE,FALSE,,,,,,,,,,,,,
,,FALSE,FALSE,FALSE,FALSE,FALSE,FALSE,,,,,,,,,,,,,
,,FALSE,FALSE,FALSE,FALSE,FALSE,FALSE,,,,,,,,,,,,,
,,FALSE,FALSE,FALSE,FALSE,FALSE,FALSE,,,,,,,,,,,,,
,,FALSE,FALSE,FALSE,FALSE,FALSE,FALSE,,,,,,,,,,,,,
,,FALSE,FALSE,FALSE,FALSE,FALSE,FALSE,,,,,,,,,,,,,
,,FALSE,FALSE,FALSE,FALSE,FALSE,FALSE,,,,,,,,,,,,,
,,FALSE,FALSE,FALSE,FALSE,FALSE,FALSE,,,,,,,,,,,,,
,,FALSE,FALSE,FALSE,FALSE,FALSE,FALSE,,,,,,,,,,,,,
,,FALSE,FALSE,FALSE,FALSE,FALSE,FALSE,,,,,,,,,,,,,
,,FALSE,FALSE,FALSE,FALSE,FALSE,FALSE,,,,,,,,,,,,,
,,FALSE,FALSE,FALSE,FALSE,FALSE,FALSE,,,,,,,,,,,,,
,,FALSE,FALSE,FALSE,FALSE,FALSE,FALSE,,,,,,,,,,,,,
,,FALSE,FALSE,FALSE,FALSE,FALSE,FALSE,,,,,,,,,,,,,
,,FALSE,FALSE,FALSE,FALSE,FALSE,FALSE,,,,,,,,,,,,,
,,FALSE,FALSE,FALSE,FALSE,FALSE,FALSE,,,,,,,,,,,,,
,,FALSE,FALSE,FALSE,FALSE,FALSE,FALSE,,,,,,,,,,,,,
,,FALSE,FALSE,FALSE,FALSE,FALSE,FALSE,,,,,,,,,,,,,
,,FALSE,FALSE,FALSE,FALSE,FALSE,FALSE,,,,,,,,,,,,,
,,FALSE,FALSE,FALSE,FALSE,FALSE,FALSE,,,,,,,,,,,,,
,,FALSE,FALSE,FALSE,FALSE,FALSE,FALSE,,,,,,,,,,,,,
,,FALSE,FALSE,FALSE,FALSE,FALSE,FALSE,,,,,,,,,,,,,
,,FALSE,FALSE,FALSE,FALSE,FALSE,FALSE,,,,,,,,,,,,,
,,FALSE,FALSE,FALSE,FALSE,FALSE,FALSE,,,,,,,,,,,,,
,,FALSE,FALSE,FALSE,FALSE,FALSE,FALSE,,,,,,,,,,,,,
,,FALSE,FALSE,FALSE,FALSE,FALSE,FALSE,,,,,,,,,,,,,
,,FALSE,FALSE,FALSE,FALSE,FALSE,FALSE,,,,,,,,,,,,,
,,FALSE,FALSE,FALSE,FALSE,FALSE,FALSE,,,,,,,,,,,,,
,,FALSE,FALSE,FALSE,FALSE,FALSE,FALSE,,,,,,,,,,,,,
,,FALSE,FALSE,FALSE,FALSE,FALSE,FALSE,,,,,,,,,,,,,
,,FALSE,FALSE,FALSE,FALSE,FALSE,FALSE,,,,,,,,,,,,,
,,FALSE,FALSE,FALSE,FALSE,FALSE,FALSE,,,,,,,,,,,,,
,,FALSE,FALSE,FALSE,FALSE,FALSE,FALSE,,,,,,,,,,,,,
,,FALSE,FALSE,FALSE,FALSE,FALSE,FALSE,,,,,,,,,,,,,
,,FALSE,FALSE,FALSE,FALSE,FALSE,FALSE,,,,,,,,,,,,,
,,FALSE,FALSE,FALSE,FALSE,FALSE,FALSE,,,,,,,,,,,,,
,,FALSE,FALSE,FALSE,FALSE,FALSE,FALSE,,,,,,,,,,,,,
,,FALSE,FALSE,FALSE,FALSE,FALSE,FALSE,,,,,,,,,,,,,
,,FALSE,FALSE,FALSE,FALSE,FALSE,FALSE,,,,,,,,,,,,,
,,FALSE,FALSE,FALSE,FALSE,FALSE,FALSE,,,,,,,,,,,,,
,,FALSE,FALSE,FALSE,FALSE,FALSE,FALSE,,,,,,,,,,,,,
,,FALSE,FALSE,FALSE,FALSE,FALSE,FALSE,,,,,,,,,,,,,
,,FALSE,FALSE,FALSE,FALSE,FALSE,FALSE,,,,,,,,,,,,,
,,FALSE,FALSE,FALSE,FALSE,FALSE,FALSE,,,,,,,,,,,,,
,,FALSE,FALSE,FALSE,FALSE,FALSE,FALSE,,,,,,,,,,,,,
,,FALSE,FALSE,FALSE,FALSE,FALSE,FALSE,,,,,,,,,,,,,
,,FALSE,FALSE,FALSE,FALSE,FALSE,FALSE,,,,,,,,,,,,,
,,FALSE,FALSE,FALSE,FALSE,FALSE,FALSE,,,,,,,,,,,,,
,,FALSE,FALSE,FALSE,FALSE,FALSE,FALSE,,,,,,,,,,,,,
,,FALSE,FALSE,FALSE,FALSE,FALSE,FALSE,,,,,,,,,,,,,
,,FALSE,FALSE,FALSE,FALSE,FALSE,FALSE,,,,,,,,,,,,,
,,FALSE,FALSE,FALSE,FALSE,FALSE,FALSE,,,,,,,,,,,,,
,,FALSE,FALSE,FALSE,FALSE,FALSE,FALSE,,,,,,,,,,,,,
,,FALSE,FALSE,FALSE,FALSE,FALSE,FALSE,,,,,,,,,,,,,
,,FALSE,FALSE,FALSE,FALSE,FALSE,FALSE,,,,,,,,,,,,,
,,FALSE,FALSE,FALSE,FALSE,FALSE,FALSE,,,,,,,,,,,,,
,,FALSE,FALSE,FALSE,FALSE,FALSE,FALSE,,,,,,,,,,,,,
,,FALSE,FALSE,FALSE,FALSE,FALSE,FALSE,,,,,,,,,,,,,
,,FALSE,FALSE,FALSE,FALSE,FALSE,FALSE,,,,,,,,,,,,,
,,FALSE,FALSE,FALSE,FALSE,FALSE,FALSE,,,,,,,,,,,,,
,,FALSE,FALSE,FALSE,FALSE,FALSE,FALSE,,,,,,,,,,,,,
,,FALSE,FALSE,FALSE,FALSE,FALSE,FALSE,,,,,,,,,,,,,
,,FALSE,FALSE,FALSE,FALSE,FALSE,FALSE,,,,,,,,,,,,,
,,FALSE,FALSE,FALSE,FALSE,FALSE,FALSE,,,,,,,,,,,,,
,,FALSE,FALSE,FALSE,FALSE,FALSE,FALSE,,,,,,,,,,,,,
,,FALSE,FALSE,FALSE,FALSE,FALSE,FALSE,,,,,,,,,,,,,
,,FALSE,FALSE,FALSE,FALSE,FALSE,FALSE,,,,,,,,,,,,,
,,FALSE,FALSE,FALSE,FALSE,FALSE,FALSE,,,,,,,,,,,,,
,,FALSE,FALSE,FALSE,FALSE,FALSE,FALSE,,,,,,,,,,,,,
,,FALSE,FALSE,FALSE,FALSE,FALSE,FALSE,,,,,,,,,,,,,
,,FALSE,FALSE,FALSE,FALSE,FALSE,FALSE,,,,,,,,,,,,,
,,FALSE,FALSE,FALSE,FALSE,FALSE,FALSE,,,,,,,,,,,,,
,,FALSE,FALSE,FALSE,FALSE,FALSE,FALSE,,,,,,,,,,,,,
,,FALSE,FALSE,FALSE,FALSE,FALSE,FALSE,,,,,,,,,,,,,
,,FALSE,FALSE,FALSE,FALSE,FALSE,FALSE,,,,,,,,,,,,,
,,FALSE,FALSE,FALSE,FALSE,FALSE,FALSE,,,,,,,,,,,,,
,,FALSE,FALSE,FALSE,FALSE,FALSE,FALSE,,,,,,,,,,,,,
,,FALSE,FALSE,FALSE,FALSE,FALSE,FALSE,,,,,,,,,,,,,
,,FALSE,FALSE,FALSE,FALSE,FALSE,FALSE,,,,,,,,,,,,,
,,FALSE,FALSE,FALSE,FALSE,FALSE,FALSE,,,,,,,,,,,,,
,,FALSE,FALSE,FALSE,FALSE,FALSE,FALSE,,,,,,,,,,,,,
,,FALSE,FALSE,FALSE,FALSE,FALSE,FALSE,,,,,,,,,,,,,
,,FALSE,FALSE,FALSE,FALSE,FALSE,FALSE,,,,,,,,,,,,,
,,FALSE,FALSE,FALSE,FALSE,FALSE,FALSE,,,,,,,,,,,,,
,,FALSE,FALSE,FALSE,FALSE,FALSE,FALSE,,,,,,,,,,,,,
,,FALSE,FALSE,FALSE,FALSE,FALSE,FALSE,,,,,,,,,,,,,
,,FALSE,FALSE,FALSE,FALSE,FALSE,FALSE,,,,,,,,,,,,,
,,FALSE,FALSE,FALSE,FALSE,FALSE,FALSE,,,,,,,,,,,,,
,,FALSE,FALSE,FALSE,FALSE,FALSE,FALSE,,,,,,,,,,,,,
,,FALSE,FALSE,FALSE,FALSE,FALSE,FALSE,,,,,,,,,,,,,
,,FALSE,FALSE,FALSE,FALSE,FALSE,FALSE,,,,,,,,,,,,,
,,FALSE,FALSE,FALSE,FALSE,FALSE,FALSE,,,,,,,,,,,,,
,,FALSE,FALSE,FALSE,FALSE,FALSE,FALSE,,,,,,,,,,,,,
,,FALSE,FALSE,FALSE,FALSE,FALSE,FALSE,,,,,,,,,,,,,
,,FALSE,FALSE,FALSE,FALSE,FALSE,FALSE,,,,,,,,,,,,,
,,FALSE,FALSE,FALSE,FALSE,FALSE,FALSE,,,,,,,,,,,,,
,,FALSE,FALSE,FALSE,FALSE,FALSE,FALSE,,,,,,,,,,,,,
,,FALSE,FALSE,FALSE,FALSE,FALSE,FALSE,,,,,,,,,,,,,
,,FALSE,FALSE,FALSE,FALSE,FALSE,FALSE,,,,,,,,,,,,,
,,FALSE,FALSE,FALSE,FALSE,FALSE,FALSE,,,,,,,,,,,,,
,,FALSE,FALSE,FALSE,FALSE,FALSE,FALSE,,,,,,,,,,,,,
,,FALSE,FALSE,FALSE,FALSE,FALSE,FALSE,,,,,,,,,,,,,
,,FALSE,FALSE,FALSE,FALSE,FALSE,FALSE,,,,,,,,,,,,,
,,FALSE,FALSE,FALSE,FALSE,FALSE,FALSE,,,,,,,,,,,,,
,,FALSE,FALSE,FALSE,FALSE,FALSE,FALSE,,,,,,,,,,,,,
,,FALSE,FALSE,FALSE,FALSE,FALSE,FALSE,,,,,,,,,,,,,
,,FALSE,FALSE,FALSE,FALSE,FALSE,FALSE,,,,,,,,,,,,,
,,FALSE,FALSE,FALSE,FALSE,FALSE,FALSE,,,,,,,,,,,,,
,,FALSE,FALSE,FALSE,FALSE,FALSE,FALSE,,,,,,,,,,,,,
,,FALSE,FALSE,FALSE,FALSE,FALSE,FALSE,,,,,,,,,,,,,
,,FALSE,FALSE,FALSE,FALSE,FALSE,FALSE,,,,,,,,,,,,,
,,FALSE,FALSE,FALSE,FALSE,FALSE,FALSE,,,,,,,,,,,,,
,,FALSE,FALSE,FALSE,FALSE,FALSE,FALSE,,,,,,,,,,,,,
,,FALSE,FALSE,FALSE,FALSE,FALSE,FALSE,,,,,,,,,,,,,
,,FALSE,FALSE,FALSE,FALSE,FALSE,FALSE,,,,,,,,,,,,,
,,FALSE,FALSE,FALSE,FALSE,FALSE,FALSE,,,,,,,,,,,,,
,,FALSE,FALSE,FALSE,FALSE,FALSE,FALSE,,,,,,,,,,,,,
,,FALSE,FALSE,FALSE,FALSE,FALSE,FALSE,,,,,,,,,,,,,
,,FALSE,FALSE,FALSE,FALSE,FALSE,FALSE,,,,,,,,,,,,,
,,FALSE,FALSE,FALSE,FALSE,FALSE,FALSE,,,,,,,,,,,,,
,,FALSE,FALSE,FALSE,FALSE,FALSE,FALSE,,,,,,,,,,,,,
,,FALSE,FALSE,FALSE,FALSE,FALSE,FALSE,,,,,,,,,,,,,
,,FALSE,FALSE,FALSE,FALSE,FALSE,FALSE,,,,,,,,,,,,,
,,FALSE,FALSE,FALSE,FALSE,FALSE,FALSE,,,,,,,,,,,,,
,,FALSE,FALSE,FALSE,FALSE,FALSE,FALSE,,,,,,,,,,,,,
,,FALSE,FALSE,FALSE,FALSE,FALSE,FALSE,,,,,,,,,,,,,
,,FALSE,FALSE,FALSE,FALSE,FALSE,FALSE,,,,,,,,,,,,,
,,FALSE,FALSE,FALSE,FALSE,FALSE,FALSE,,,,,,,,,,,,,
,,FALSE,FALSE,FALSE,FALSE,FALSE,FALSE,,,,,,,,,,,,,
,,FALSE,FALSE,FALSE,FALSE,FALSE,FALSE,,,,,,,,,,,,,
,,FALSE,FALSE,FALSE,FALSE,FALSE,FALSE,,,,,,,,,,,,,
,,FALSE,FALSE,FALSE,FALSE,FALSE,FALSE,,,,,,,,,,,,,
,,FALSE,FALSE,FALSE,FALSE,FALSE,FALSE,,,,,,,,,,,,,
,,FALSE,FALSE,FALSE,FALSE,FALSE,FALSE,,,,,,,,,,,,,
,,FALSE,FALSE,FALSE,FALSE,FALSE,FALSE,,,,,,,,,,,,,
,,FALSE,FALSE,FALSE,FALSE,FALSE,FALSE,,,,,,,,,,,,,
,,FALSE,FALSE,FALSE,FALSE,FALSE,FALSE,,,,,,,,,,,,,
,,FALSE,FALSE,FALSE,FALSE,FALSE,FALSE,,,,,,,,,,,,,
,,FALSE,FALSE,FALSE,FALSE,FALSE,FALSE,,,,,,,,,,,,,
,,FALSE,FALSE,FALSE,FALSE,FALSE,FALSE,,,,,,,,,,,,,
,,FALSE,FALSE,FALSE,FALSE,FALSE,FALSE,,,,,,,,,,,,,
,,FALSE,FALSE,FALSE,FALSE,FALSE,FALSE,,,,,,,,,,,,,
,,FALSE,FALSE,FALSE,FALSE,FALSE,FALSE,,,,,,,,,,,,,
,,FALSE,FALSE,FALSE,FALSE,FALSE,FALSE,,,,,,,,,,,,,
,,FALSE,FALSE,FALSE,FALSE,FALSE,FALSE,,,,,,,,,,,,,
,,FALSE,FALSE,FALSE,FALSE,FALSE,FALSE,,,,,,,,,,,,,
,,FALSE,FALSE,FALSE,FALSE,FALSE,FALSE,,,,,,,,,,,,,
,,FALSE,FALSE,FALSE,FALSE,FALSE,FALSE,,,,,,,,,,,,,
,,FALSE,FALSE,FALSE,FALSE,FALSE,FALSE,,,,,,,,,,,,,
,,FALSE,FALSE,FALSE,FALSE,FALSE,FALSE,,,,,,,,,,,,,
,,FALSE,FALSE,FALSE,FALSE,FALSE,FALSE,,,,,,,,,,,,,
,,FALSE,FALSE,FALSE,FALSE,FALSE,FALSE,,,,,,,,,,,,,
,,FALSE,FALSE,FALSE,FALSE,FALSE,FALSE,,,,,,,,,,,,,
,,FALSE,FALSE,FALSE,FALSE,FALSE,FALSE,,,,,,,,,,,,,
,,FALSE,FALSE,FALSE,FALSE,FALSE,FALSE,,,,,,,,,,,,,
,,FALSE,FALSE,FALSE,FALSE,FALSE,FALSE,,,,,,,,,,,,,
,,FALSE,FALSE,FALSE,FALSE,FALSE,FALSE,,,,,,,,,,,,,
,,FALSE,FALSE,FALSE,FALSE,FALSE,FALSE,,,,,,,,,,,,,
,,FALSE,FALSE,FALSE,FALSE,FALSE,FALSE,,,,,,,,,,,,,
,,FALSE,FALSE,FALSE,FALSE,FALSE,FALSE,,,,,,,,,,,,,
,,FALSE,FALSE,FALSE,FALSE,FALSE,FALSE,,,,,,,,,,,,,
,,FALSE,FALSE,FALSE,FALSE,FALSE,FALSE,,,,,,,,,,,,,
,,FALSE,FALSE,FALSE,FALSE,FALSE,FALSE,,,,,,,,,,,,,
,,FALSE,FALSE,FALSE,FALSE,FALSE,FALSE,,,,,,,,,,,,,
,,FALSE,FALSE,FALSE,FALSE,FALSE,FALSE,,,,,,,,,,,,,
,,FALSE,FALSE,FALSE,FALSE,FALSE,FALSE,,,,,,,,,,,,,
,,FALSE,FALSE,FALSE,FALSE,FALSE,FALSE,,,,,,,,,,,,,
,,FALSE,FALSE,FALSE,FALSE,FALSE,FALSE,,,,,,,,,,,,,
,,FALSE,FALSE,FALSE,FALSE,FALSE,FALSE,,,,,,,,,,,,,
,,FALSE,FALSE,FALSE,FALSE,FALSE,FALSE,,,,,,,,,,,,,
,,FALSE,FALSE,FALSE,FALSE,FALSE,FALSE,,,,,,,,,,,,,
,,FALSE,FALSE,FALSE,FALSE,FALSE,FALSE,,,,,,,,,,,,,
,,FALSE,FALSE,FALSE,FALSE,FALSE,FALSE,,,,,,,,,,,,,
,,FALSE,FALSE,FALSE,FALSE,FALSE,FALSE,,,,,,,,,,,,,
,,FALSE,FALSE,FALSE,FALSE,FALSE,FALSE,,,,,,,,,,,,,
,,FALSE,FALSE,FALSE,FALSE,FALSE,FALSE,,,,,,,,,,,,,
,,FALSE,FALSE,FALSE,FALSE,FALSE,FALSE,,,,,,,,,,,,,
,,FALSE,FALSE,FALSE,FALSE,FALSE,FALSE,,,,,,,,,,,,,
,,FALSE,FALSE,FALSE,FALSE,FALSE,FALSE,,,,,,,,,,,,,
,,FALSE,FALSE,FALSE,FALSE,FALSE,FALSE,,,,,,,,,,,,,
,,FALSE,FALSE,FALSE,FALSE,FALSE,FALSE,,,,,,,,,,,,,
,,FALSE,FALSE,FALSE,FALSE,FALSE,FALSE,,,,,,,,,,,,,
,,FALSE,FALSE,FALSE,FALSE,FALSE,FALSE,,,,,,,,,,,,,
,,FALSE,FALSE,FALSE,FALSE,FALSE,FALSE,,,,,,,,,,,,,
,,FALSE,FALSE,FALSE,FALSE,FALSE,FALSE,,,,,,,,,,,,,
,,FALSE,FALSE,FALSE,FALSE,FALSE,FALSE,,,,,,,,,,,,,
,,FALSE,FALSE,FALSE,FALSE,FALSE,FALSE,,,,,,,,,,,,,
,,FALSE,FALSE,FALSE,FALSE,FALSE,FALSE,,,,,,,,,,,,,
,,FALSE,FALSE,FALSE,FALSE,FALSE,FALSE,,,,,,,,,,,,,
,,FALSE,FALSE,FALSE,FALSE,FALSE,FALSE,,,,,,,,,,,,,
,,FALSE,FALSE,FALSE,FALSE,FALSE,FALSE,,,,,,,,,,,,,
,,FALSE,FALSE,FALSE,FALSE,FALSE,FALSE,,,,,,,,,,,,,
,,FALSE,FALSE,FALSE,FALSE,FALSE,FALSE,,,,,,,,,,,,,
,,FALSE,FALSE,FALSE,FALSE,FALSE,FALSE,,,,,,,,,,,,,
,,FALSE,FALSE,FALSE,FALSE,FALSE,FALSE,,,,,,,,,,,,,
,,FALSE,FALSE,FALSE,FALSE,FALSE,FALSE,,,,,,,,,,,,,
,,FALSE,FALSE,FALSE,FALSE,FALSE,FALSE,,,,,,,,,,,,,
,,FALSE,FALSE,FALSE,FALSE,FALSE,FALSE,,,,,,,,,,,,,
,,FALSE,FALSE,FALSE,FALSE,FALSE,FALSE,,,,,,,,,,,,,
,,FALSE,FALSE,FALSE,FALSE,FALSE,FALSE,,,,,,,,,,,,,
,,FALSE,FALSE,FALSE,FALSE,FALSE,FALSE,,,,,,,,,,,,,
,,FALSE,FALSE,FALSE,FALSE,FALSE,FALSE,,,,,,,,,,,,,
,,FALSE,FALSE,FALSE,FALSE,FALSE,FALSE,,,,,,,,,,,,,
,,FALSE,FALSE,FALSE,FALSE,FALSE,FALSE,,,,,,,,,,,,,
,,FALSE,FALSE,FALSE,FALSE,FALSE,FALSE,,,,,,,,,,,,,
,,FALSE,FALSE,FALSE,FALSE,FALSE,FALSE,,,,,,,,,,,,,
,,FALSE,FALSE,FALSE,FALSE,FALSE,FALSE,,,,,,,,,,,,,
,,FALSE,FALSE,FALSE,FALSE,FALSE,FALSE,,,,,,,,,,,,,
,,FALSE,FALSE,FALSE,FALSE,FALSE,FALSE,,,,,,,,,,,,,
,,FALSE,FALSE,FALSE,FALSE,FALSE,FALSE,,,,,,,,,,,,,
,,FALSE,FALSE,FALSE,FALSE,FALSE,FALSE,,,,,,,,,,,,,
,,FALSE,FALSE,FALSE,FALSE,FALSE,FALSE,,,,,,,,,,,,,
,,FALSE,FALSE,FALSE,FALSE,FALSE,FALSE,,,,,,,,,,,,,
,,FALSE,FALSE,FALSE,FALSE,FALSE,FALSE,,,,,,,,,,,,,
,,FALSE,FALSE,FALSE,FALSE,FALSE,FALSE,,,,,,,,,,,,,
,,FALSE,FALSE,FALSE,FALSE,FALSE,FALSE,,,,,,,,,,,,,
,,FALSE,FALSE,FALSE,FALSE,FALSE,FALSE,,,,,,,,,,,,,
,,FALSE,FALSE,FALSE,FALSE,FALSE,FALSE,,,,,,,,,,,,,
,,FALSE,FALSE,FALSE,FALSE,FALSE,FALSE,,,,,,,,,,,,,
,,FALSE,FALSE,FALSE,FALSE,FALSE,FALSE,,,,,,,,,,,,,
,,FALSE,FALSE,FALSE,FALSE,FALSE,FALSE,,,,,,,,,,,,,
,,FALSE,FALSE,FALSE,FALSE,FALSE,FALSE,,,,,,,,,,,,,
,,FALSE,FALSE,FALSE,FALSE,FALSE,FALSE,,,,,,,,,,,,,
,,FALSE,FALSE,FALSE,FALSE,FALSE,FALSE,,,,,,,,,,,,,
,,FALSE,FALSE,FALSE,FALSE,FALSE,FALSE,,,,,,,,,,,,,
,,FALSE,FALSE,FALSE,FALSE,FALSE,FALSE,,,,,,,,,,,,,
,,FALSE,FALSE,FALSE,FALSE,FALSE,FALSE,,,,,,,,,,,,,
,,FALSE,FALSE,FALSE,FALSE,FALSE,FALSE,,,,,,,,,,,,,
,,FALSE,FALSE,FALSE,FALSE,FALSE,FALSE,,,,,,,,,,,,,
,,FALSE,FALSE,FALSE,FALSE,FALSE,FALSE,,,,,,,,,,,,,
,,FALSE,FALSE,FALSE,FALSE,FALSE,FALSE,,,,,,,,,,,,,
,,FALSE,FALSE,FALSE,FALSE,FALSE,FALSE,,,,,,,,,,,,,
,,FALSE,FALSE,FALSE,FALSE,FALSE,FALSE,,,,,,,,,,,,,
,,FALSE,FALSE,FALSE,FALSE,FALSE,FALSE,,,,,,,,,,,,,
,,FALSE,FALSE,FALSE,FALSE,FALSE,FALSE,,,,,,,,,,,,,
,,FALSE,FALSE,FALSE,FALSE,FALSE,FALSE,,,,,,,,,,,,,
,,FALSE,FALSE,FALSE,FALSE,FALSE,FALSE,,,,,,,,,,,,,
,,FALSE,FALSE,FALSE,FALSE,FALSE,FALSE,,,,,,,,,,,,,
,,FALSE,FALSE,FALSE,FALSE,FALSE,FALSE,,,,,,,,,,,,,
,,FALSE,FALSE,FALSE,FALSE,FALSE,FALSE,,,,,,,,,,,,,
,,FALSE,FALSE,FALSE,FALSE,FALSE,FALSE,,,,,,,,,,,,,
,,FALSE,FALSE,FALSE,FALSE,FALSE,FALSE,,,,,,,,,,,,,
,,FALSE,FALSE,FALSE,FALSE,FALSE,FALSE,,,,,,,,,,,,,
,,FALSE,FALSE,FALSE,FALSE,FALSE,FALSE,,,,,,,,,,,,,
,,FALSE,FALSE,FALSE,FALSE,FALSE,FALSE,,,,,,,,,,,,,
,,FALSE,FALSE,FALSE,FALSE,FALSE,FALSE,,,,,,,,,,,,,
,,FALSE,FALSE,FALSE,FALSE,FALSE,FALSE,,,,,,,,,,,,,
,,FALSE,FALSE,FALSE,FALSE,FALSE,FALSE,,,,,,,,,,,,,
,,FALSE,FALSE,FALSE,FALSE,FALSE,FALSE,,,,,,,,,,,,,
,,FALSE,FALSE,FALSE,FALSE,FALSE,FALSE,,,,,,,,,,,,,
,,FALSE,FALSE,FALSE,FALSE,FALSE,FALSE,,,,,,,,,,,,,
,,FALSE,FALSE,FALSE,FALSE,FALSE,FALSE,,,,,,,,,,,,,
,,FALSE,FALSE,FALSE,FALSE,FALSE,FALSE,,,,,,,,,,,,,
,,FALSE,FALSE,FALSE,FALSE,FALSE,FALSE,,,,,,,,,,,,,
,,FALSE,FALSE,FALSE,FALSE,FALSE,FALSE,,,,,,,,,,,,,
,,FALSE,FALSE,FALSE,FALSE,FALSE,FALSE,,,,,,,,,,,,,
,,FALSE,FALSE,FALSE,FALSE,FALSE,FALSE,,,,,,,,,,,,,
,,FALSE,FALSE,FALSE,FALSE,FALSE,FALSE,,,,,,,,,,,,,
,,FALSE,FALSE,FALSE,FALSE,FALSE,FALSE,,,,,,,,,,,,,
,,FALSE,FALSE,FALSE,FALSE,FALSE,FALSE,,,,,,,,,,,,,
,,FALSE,FALSE,FALSE,FALSE,FALSE,FALSE,,,,,,,,,,,,,
,,FALSE,FALSE,FALSE,FALSE,FALSE,FALSE,,,,,,,,,,,,,
,,FALSE,FALSE,FALSE,FALSE,FALSE,FALSE,,,,,,,,,,,,,
,,FALSE,FALSE,FALSE,FALSE,FALSE,FALSE,,,,,,,,,,,,,
,,FALSE,FALSE,FALSE,FALSE,FALSE,FALSE,,,,,,,,,,,,,
,,FALSE,FALSE,FALSE,FALSE,FALSE,FALSE,,,,,,,,,,,,,
,,FALSE,FALSE,FALSE,FALSE,FALSE,FALSE,,,,,,,,,,,,,
,,FALSE,FALSE,FALSE,FALSE,FALSE,FALSE,,,,,,,,,,,,,
,,FALSE,FALSE,FALSE,FALSE,FALSE,FALSE,,,,,,,,,,,,,
,,FALSE,FALSE,FALSE,FALSE,FALSE,FALSE,,,,,,,,,,,,,
,,FALSE,FALSE,FALSE,FALSE,FALSE,FALSE,,,,,,,,,,,,,
,,FALSE,FALSE,FALSE,FALSE,FALSE,FALSE,,,,,,,,,,,,,
,,FALSE,FALSE,FALSE,FALSE,FALSE,FALSE,,,,,,,,,,,,,
,,FALSE,FALSE,FALSE,FALSE,FALSE,FALSE,,,,,,,,,,,,,
,,FALSE,FALSE,FALSE,FALSE,FALSE,FALSE,,,,,,,,,,,,,
,,FALSE,FALSE,FALSE,FALSE,FALSE,FALSE,,,,,,,,,,,,,
,,FALSE,FALSE,FALSE,FALSE,FALSE,FALSE,,,,,,,,,,,,,
,,FALSE,FALSE,FALSE,FALSE,FALSE,FALSE,,,,,,,,,,,,,
,,FALSE,FALSE,FALSE,FALSE,FALSE,FALSE,,,,,,,,,,,,,
,,FALSE,FALSE,FALSE,FALSE,FALSE,FALSE,,,,,,,,,,,,,
,,FALSE,FALSE,FALSE,FALSE,FALSE,FALSE,,,,,,,,,,,,,
,,FALSE,FALSE,FALSE,FALSE,FALSE,FALSE,,,,,,,,,,,,,
,,FALSE,FALSE,FALSE,FALSE,FALSE,FALSE,,,,,,,,,,,,,
,,FALSE,FALSE,FALSE,FALSE,FALSE,FALSE,,,,,,,,,,,,,
,,FALSE,FALSE,FALSE,FALSE,FALSE,FALSE,,,,,,,,,,,,,
,,FALSE,FALSE,FALSE,FALSE,FALSE,FALSE,,,,,,,,,,,,,
,,FALSE,FALSE,FALSE,FALSE,FALSE,FALSE,,,,,,,,,,,,,
,,FALSE,FALSE,FALSE,FALSE,FALSE,FALSE,,,,,,,,,,,,,
,,FALSE,FALSE,FALSE,FALSE,FALSE,FALSE,,,,,,,,,,,,,
,,FALSE,FALSE,FALSE,FALSE,FALSE,FALSE,,,,,,,,,,,,,
,,FALSE,FALSE,FALSE,FALSE,FALSE,FALSE,,,,,,,,,,,,,
,,FALSE,FALSE,FALSE,FALSE,FALSE,FALSE,,,,,,,,,,,,,
,,FALSE,FALSE,FALSE,FALSE,FALSE,FALSE,,,,,,,,,,,,,
,,FALSE,FALSE,FALSE,FALSE,FALSE,FALSE,,,,,,,,,,,,,
,,FALSE,FALSE,FALSE,FALSE,FALSE,FALSE,,,,,,,,,,,,,
,,FALSE,FALSE,FALSE,FALSE,FALSE,FALSE,,,,,,,,,,,,,
,,FALSE,FALSE,FALSE,FALSE,FALSE,FALSE,,,,,,,,,,,,,
,,FALSE,FALSE,FALSE,FALSE,FALSE,FALSE,,,,,,,,,,,,,
,,FALSE,FALSE,FALSE,FALSE,FALSE,FALSE,,,,,,,,,,,,,
,,FALSE,FALSE,FALSE,FALSE,FALSE,FALSE,,,,,,,,,,,,,
,,FALSE,FALSE,FALSE,FALSE,FALSE,FALSE,,,,,,,,,,,,,
,,FALSE,FALSE,FALSE,FALSE,FALSE,FALSE,,,,,,,,,,,,,
,,FALSE,FALSE,FALSE,FALSE,FALSE,FALSE,,,,,,,,,,,,,
,,FALSE,FALSE,FALSE,FALSE,FALSE,FALSE,,,,,,,,,,,,,
,,FALSE,FALSE,FALSE,FALSE,FALSE,FALSE,,,,,,,,,,,,,
,,FALSE,FALSE,FALSE,FALSE,FALSE,FALSE,,,,,,,,,,,,,
,,FALSE,FALSE,FALSE,FALSE,FALSE,FALSE,,,,,,,,,,,,,
,,FALSE,FALSE,FALSE,FALSE,FALSE,FALSE,,,,,,,,,,,,,
,,FALSE,FALSE,FALSE,FALSE,FALSE,FALSE,,,,,,,,,,,,,
,,FALSE,FALSE,FALSE,FALSE,FALSE,FALSE,,,,,,,,,,,,,
,,FALSE,FALSE,FALSE,FALSE,FALSE,FALSE,,,,,,,,,,,,,
,,FALSE,FALSE,FALSE,FALSE,FALSE,FALSE,,,,,,,,,,,,,
,,FALSE,FALSE,FALSE,FALSE,FALSE,FALSE,,,,,,,,,,,,,
,,FALSE,FALSE,FALSE,FALSE,FALSE,FALSE,,,,,,,,,,,,,
,,FALSE,FALSE,FALSE,FALSE,FALSE,FALSE,,,,,,,,,,,,,
,,FALSE,FALSE,FALSE,FALSE,FALSE,FALSE,,,,,,,,,,,,,
,,FALSE,FALSE,FALSE,FALSE,FALSE,FALSE,,,,,,,,,,,,,
,,FALSE,FALSE,FALSE,FALSE,FALSE,FALSE,,,,,,,,,,,,,
,,FALSE,FALSE,FALSE,FALSE,FALSE,FALSE,,,,,,,,,,,,,
,,FALSE,FALSE,FALSE,FALSE,FALSE,FALSE,,,,,,,,,,,,,
,,FALSE,FALSE,FALSE,FALSE,FALSE,FALSE,,,,,,,,,,,,,
,,FALSE,FALSE,FALSE,FALSE,FALSE,FALSE,,,,,,,,,,,,,
,,FALSE,FALSE,FALSE,FALSE,FALSE,FALSE,,,,,,,,,,,,,
,,FALSE,FALSE,FALSE,FALSE,FALSE,FALSE,,,,,,,,,,,,,
,,FALSE,FALSE,FALSE,FALSE,FALSE,FALSE,,,,,,,,,,,,,
,,FALSE,FALSE,FALSE,FALSE,FALSE,FALSE,,,,,,,,,,,,,
,,FALSE,FALSE,FALSE,FALSE,FALSE,FALSE,,,,,,,,,,,,,
,,FALSE,FALSE,FALSE,FALSE,FALSE,FALSE,,,,,,,,,,,,,
,,FALSE,FALSE,FALSE,FALSE,FALSE,FALSE,,,,,,,,,,,,,
,,FALSE,FALSE,FALSE,FALSE,FALSE,FALSE,,,,,,,,,,,,,
,,FALSE,FALSE,FALSE,FALSE,FALSE,FALSE,,,,,,,,,,,,,
,,FALSE,FALSE,FALSE,FALSE,FALSE,FALSE,,,,,,,,,,,,,
,,FALSE,FALSE,FALSE,FALSE,FALSE,FALSE,,,,,,,,,,,,,
,,FALSE,FALSE,FALSE,FALSE,FALSE,FALSE,,,,,,,,,,,,,
,,FALSE,FALSE,FALSE,FALSE,FALSE,FALSE,,,,,,,,,,,,,
,,FALSE,FALSE,FALSE,FALSE,FALSE,FALSE,,,,,,,,,,,,,
,,FALSE,FALSE,FALSE,FALSE,FALSE,FALSE,,,,,,,,,,,,,
,,FALSE,FALSE,FALSE,FALSE,FALSE,FALSE,,,,,,,,,,,,,
,,FALSE,FALSE,FALSE,FALSE,FALSE,FALSE,,,,,,,,,,,,,
,,FALSE,FALSE,FALSE,FALSE,FALSE,FALSE,,,,,,,,,,,,,
,,FALSE,FALSE,FALSE,FALSE,FALSE,FALSE,,,,,,,,,,,,,
,,FALSE,FALSE,FALSE,FALSE,FALSE,FALSE,,,,,,,,,,,,,
,,FALSE,FALSE,FALSE,FALSE,FALSE,FALSE,,,,,,,,,,,,,
,,FALSE,FALSE,FALSE,FALSE,FALSE,FALSE,,,,,,,,,,,,,
,,FALSE,FALSE,FALSE,FALSE,FALSE,FALSE,,,,,,,,,,,,,
,,FALSE,FALSE,FALSE,FALSE,FALSE,FALSE,,,,,,,,,,,,,
,,FALSE,FALSE,FALSE,FALSE,FALSE,FALSE,,,,,,,,,,,,,
,,FALSE,FALSE,FALSE,FALSE,FALSE,FALSE,,,,,,,,,,,,,
,,FALSE,FALSE,FALSE,FALSE,FALSE,FALSE,,,,,,,,,,,,,
,,FALSE,FALSE,FALSE,FALSE,FALSE,FALSE,,,,,,,,,,,,,
,,FALSE,FALSE,FALSE,FALSE,FALSE,FALSE,,,,,,,,,,,,,
,,FALSE,FALSE,FALSE,FALSE,FALSE,FALSE,,,,,,,,,,,,,
,,FALSE,FALSE,FALSE,FALSE,FALSE,FALSE,,,,,,,,,,,,,
,,FALSE,FALSE,FALSE,FALSE,FALSE,FALSE,,,,,,,,,,,,,
,,FALSE,FALSE,FALSE,FALSE,FALSE,FALSE,,,,,,,,,,,,,
,,FALSE,FALSE,FALSE,FALSE,FALSE,FALSE,,,,,,,,,,,,,
,,FALSE,FALSE,FALSE,FALSE,FALSE,FALSE,,,,,,,,,,,,,
,,FALSE,FALSE,FALSE,FALSE,FALSE,FALSE,,,,,,,,,,,,,
,,FALSE,FALSE,FALSE,FALSE,FALSE,FALSE,,,,,,,,,,,,,
,,FALSE,FALSE,FALSE,FALSE,FALSE,FALSE,,,,,,,,,,,,,
,,FALSE,FALSE,FALSE,FALSE,FALSE,FALSE,,,,,,,,,,,,,
,,FALSE,FALSE,FALSE,FALSE,FALSE,FALSE,,,,,,,,,,,,,
,,FALSE,FALSE,FALSE,FALSE,FALSE,FALSE,,,,,,,,,,,,,
,,FALSE,FALSE,FALSE,FALSE,FALSE,FALSE,,,,,,,,,,,,,
,,FALSE,FALSE,FALSE,FALSE,FALSE,FALSE,,,,,,,,,,,,,
,,FALSE,FALSE,FALSE,FALSE,FALSE,FALSE,,,,,,,,,,,,,
,,FALSE,FALSE,FALSE,FALSE,FALSE,FALSE,,,,,,,,,,,,,
,,FALSE,FALSE,FALSE,FALSE,FALSE,FALSE,,,,,,,,,,,,,
,,FALSE,FALSE,FALSE,FALSE,FALSE,FALSE,,,,,,,,,,,,,
,,FALSE,FALSE,FALSE,FALSE,FALSE,FALSE,,,,,,,,,,,,,
,,FALSE,FALSE,FALSE,FALSE,FALSE,FALSE,,,,,,,,,,,,,
,,FALSE,FALSE,FALSE,FALSE,FALSE,FALSE,,,,,,,,,,,,,
,,FALSE,FALSE,FALSE,FALSE,FALSE,FALSE,,,,,,,,,,,,,
,,FALSE,FALSE,FALSE,FALSE,FALSE,FALSE,,,,,,,,,,,,,
,,FALSE,FALSE,FALSE,FALSE,FALSE,FALSE,,,,,,,,,,,,,
,,FALSE,FALSE,FALSE,FALSE,FALSE,FALSE,,,,,,,,,,,,,
,,FALSE,FALSE,FALSE,FALSE,FALSE,FALSE,,,,,,,,,,,,,
,,FALSE,FALSE,FALSE,FALSE,FALSE,FALSE,,,,,,,,,,,,,
,,FALSE,FALSE,FALSE,FALSE,FALSE,FALSE,,,,,,,,,,,,,
,,FALSE,FALSE,FALSE,FALSE,FALSE,FALSE,,,,,,,,,,,,,
,,FALSE,FALSE,FALSE,FALSE,FALSE,FALSE,,,,,,,,,,,,,
,,FALSE,FALSE,FALSE,FALSE,FALSE,FALSE,,,,,,,,,,,,,
,,FALSE,FALSE,FALSE,FALSE,FALSE,FALSE,,,,,,,,,,,,,
,,FALSE,FALSE,FALSE,FALSE,FALSE,FALSE,,,,,,,,,,,,,
,,FALSE,FALSE,FALSE,FALSE,FALSE,FALSE,,,,,,,,,,,,,
,,FALSE,FALSE,FALSE,FALSE,FALSE,FALSE,,,,,,,,,,,,,
,,FALSE,FALSE,FALSE,FALSE,FALSE,FALSE,,,,,,,,,,,,,
,,FALSE,FALSE,FALSE,FALSE,FALSE,FALSE,,,,,,,,,,,,,
,,FALSE,FALSE,FALSE,FALSE,FALSE,FALSE,,,,,,,,,,,,,
,,FALSE,FALSE,FALSE,FALSE,FALSE,FALSE,,,,,,,,,,,,,
,,FALSE,FALSE,FALSE,FALSE,FALSE,FALSE,,,,,,,,,,,,,
,,FALSE,FALSE,FALSE,FALSE,FALSE,FALSE,,,,,,,,,,,,,
,,FALSE,FALSE,FALSE,FALSE,FALSE,FALSE,,,,,,,,,,,,,
,,FALSE,FALSE,FALSE,FALSE,FALSE,FALSE,,,,,,,,,,,,,
,,FALSE,FALSE,FALSE,FALSE,FALSE,FALSE,,,,,,,,,,,,,
,,FALSE,FALSE,FALSE,FALSE,FALSE,FALSE,,,,,,,,,,,,,
,,FALSE,FALSE,FALSE,FALSE,FALSE,FALSE,,,,,,,,,,,,,
,,FALSE,FALSE,FALSE,FALSE,FALSE,FALSE,,,,,,,,,,,,,
,,FALSE,FALSE,FALSE,FALSE,FALSE,FALSE,,,,,,,,,,,,,
,,FALSE,FALSE,FALSE,FALSE,FALSE,FALSE,,,,,,,,,,,,,
,,FALSE,FALSE,FALSE,FALSE,FALSE,FALSE,,,,,,,,,,,,,
,,FALSE,FALSE,FALSE,FALSE,FALSE,FALSE,,,,,,,,,,,,,
,,FALSE,FALSE,FALSE,FALSE,FALSE,FALSE,,,,,,,,,,,,,
,,FALSE,FALSE,FALSE,FALSE,FALSE,FALSE,,,,,,,,,,,,,
,,FALSE,FALSE,FALSE,FALSE,FALSE,FALSE,,,,,,,,,,,,,
,,FALSE,FALSE,FALSE,FALSE,FALSE,FALSE,,,,,,,,,,,,,
,,FALSE,FALSE,FALSE,FALSE,FALSE,FALSE,,,,,,,,,,,,,
,,FALSE,FALSE,FALSE,FALSE,FALSE,FALSE,,,,,,,,,,,,,
,,FALSE,FALSE,FALSE,FALSE,FALSE,FALSE,,,,,,,,,,,,,
,,FALSE,FALSE,FALSE,FALSE,FALSE,FALSE,,,,,,,,,,,,,
,,FALSE,FALSE,FALSE,FALSE,FALSE,FALSE,,,,,,,,,,,,,
,,FALSE,FALSE,FALSE,FALSE,FALSE,FALSE,,,,,,,,,,,,,
,,FALSE,FALSE,FALSE,FALSE,FALSE,FALSE,,,,,,,,,,,,,
,,FALSE,FALSE,FALSE,FALSE,FALSE,FALSE,,,,,,,,,,,,,
,,FALSE,FALSE,FALSE,FALSE,FALSE,FALSE,,,,,,,,,,,,,
,,FALSE,FALSE,FALSE,FALSE,FALSE,FALSE,,,,,,,,,,,,,
,,FALSE,FALSE,FALSE,FALSE,FALSE,FALSE,,,,,,,,,,,,,
,,FALSE,FALSE,FALSE,FALSE,FALSE,FALSE,,,,,,,,,,,,,
,,FALSE,FALSE,FALSE,FALSE,FALSE,FALSE,,,,,,,,,,,,,
,,FALSE,FALSE,FALSE,FALSE,FALSE,FALSE,,,,,,,,,,,,,
,,FALSE,FALSE,FALSE,FALSE,FALSE,FALSE,,,,,,,,,,,,,
,,FALSE,FALSE,FALSE,FALSE,FALSE,FALSE,,,,,,,,,,,,,
,,FALSE,FALSE,FALSE,FALSE,FALSE,FALSE,,,,,,,,,,,,,
,,FALSE,FALSE,FALSE,FALSE,FALSE,FALSE,,,,,,,,,,,,,
,,FALSE,FALSE,FALSE,FALSE,FALSE,FALSE,,,,,,,,,,,,,
,,FALSE,FALSE,FALSE,FALSE,FALSE,FALSE,,,,,,,,,,,,,
,,FALSE,FALSE,FALSE,FALSE,FALSE,FALSE,,,,,,,,,,,,,
,,FALSE,FALSE,FALSE,FALSE,FALSE,FALSE,,,,,,,,,,,,,
,,FALSE,FALSE,FALSE,FALSE,FALSE,FALSE,,,,,,,,,,,,,
,,FALSE,FALSE,FALSE,FALSE,FALSE,FALSE,,,,,,,,,,,,,
,,FALSE,FALSE,FALSE,FALSE,FALSE,FALSE,,,,,,,,,,,,,
,,FALSE,FALSE,FALSE,FALSE,FALSE,FALSE,,,,,,,,,,,,,
,,FALSE,FALSE,FALSE,FALSE,FALSE,FALSE,,,,,,,,,,,,,
,,FALSE,FALSE,FALSE,FALSE,FALSE,FALSE,,,,,,,,,,,,,
,,FALSE,FALSE,FALSE,FALSE,FALSE,FALSE,,,,,,,,,,,,,